station,rent_tsubo,rent_tsubo_low,rent_tsubo_high,yield_est,pop2050,pop_change,land_yoy,flood_pct,landslide_pct,land_trend_json,fudosan_muni,fudosan_updated,fudosan_source
東京駅,16564.0,14079.0,17392.0,3.36,,,,,,,千代田区,2026-07,FUDOSAN DB(国交省データ・推定/集計値) 標準条件:25㎡/1K/築10年/徒歩5分
新橋駅,,,,,,,,,,,港区,2026-07,FUDOSAN DB(国交省データ・推定/集計値) 標準条件:25㎡/1K/築10年/徒歩5分
品川駅,,,,,,,,,,,港区,2026-07,FUDOSAN DB(国交省データ・推定/集計値) 標準条件:25㎡/1K/築10年/徒歩5分
大崎駅,16851.0,14323.0,17693.0,3.25,,,,,,,品川区,2026-07,FUDOSAN DB(国交省データ・推定/集計値) 標準条件:25㎡/1K/築10年/徒歩5分
五反田駅,16851.0,14323.0,17693.0,3.93,,,,,,,品川区,2026-07,FUDOSAN DB(国交省データ・推定/集計値) 標準条件:25㎡/1K/築10年/徒歩5分
目黒駅,16851.0,14323.0,17693.0,3.65,,,,,,,品川区,2026-07,FUDOSAN DB(国交省データ・推定/集計値) 標準条件:25㎡/1K/築10年/徒歩5分
恵比寿駅,,,,,,,,,,,渋谷区,2026-07,FUDOSAN DB(国交省データ・推定/集計値) 標準条件:25㎡/1K/築10年/徒歩5分
渋谷駅,,,,,,,,,,,渋谷区,2026-07,FUDOSAN DB(国交省データ・推定/集計値) 標準条件:25㎡/1K/築10年/徒歩5分
原宿駅,,,,,,,,,,,渋谷区,2026-07,FUDOSAN DB(国交省データ・推定/集計値) 標準条件:25㎡/1K/築10年/徒歩5分
代々木駅,,,,,,,,,,,渋谷区,2026-07,FUDOSAN DB(国交省データ・推定/集計値) 標準条件:25㎡/1K/築10年/徒歩5分
新宿駅,16891.0,14358.0,17736.0,4.55,,,,,,,新宿区,2026-07,FUDOSAN DB(国交省データ・推定/集計値) 標準条件:25㎡/1K/築10年/徒歩5分
新大久保駅,16891.0,14358.0,17736.0,5.85,,,,,,,新宿区,2026-07,FUDOSAN DB(国交省データ・推定/集計値) 標準条件:25㎡/1K/築10年/徒歩5分
高田馬場駅,16891.0,14358.0,17736.0,5.27,,,,,,,新宿区,2026-07,FUDOSAN DB(国交省データ・推定/集計値) 標準条件:25㎡/1K/築10年/徒歩5分
目白駅,,,,,,,,,,,豊島区,2026-07,FUDOSAN DB(国交省データ・推定/集計値) 標準条件:25㎡/1K/築10年/徒歩5分
池袋駅,,,,,,,,,,,豊島区,2026-07,FUDOSAN DB(国交省データ・推定/集計値) 標準条件:25㎡/1K/築10年/徒歩5分
大塚駅,,,,,,,,,,,豊島区,2026-07,FUDOSAN DB(国交省データ・推定/集計値) 標準条件:25㎡/1K/築10年/徒歩5分
巣鴨駅,,,,,,,,,,,豊島区,2026-07,FUDOSAN DB(国交省データ・推定/集計値) 標準条件:25㎡/1K/築10年/徒歩5分
駒込駅,,,,,,,,,,,豊島区,2026-07,FUDOSAN DB(国交省データ・推定/集計値) 標準条件:25㎡/1K/築10年/徒歩5分
田端駅,14331.0,12182.0,15048.0,5.13,,,,,,,北区,2026-07,FUDOSAN DB(国交省データ・推定/集計値) 標準条件:25㎡/1K/築10年/徒歩5分
西日暮里駅,,,,,,,,,,,荒川区,2026-07,FUDOSAN DB(国交省データ・推定/集計値) 標準条件:25㎡/1K/築10年/徒歩5分
日暮里駅,,,,,,,,,,,荒川区,2026-07,FUDOSAN DB(国交省データ・推定/集計値) 標準条件:25㎡/1K/築10年/徒歩5分
鶯谷駅,16650.0,14153.0,17483.0,6.48,,,,,,,台東区,2026-07,FUDOSAN DB(国交省データ・推定/集計値) 標準条件:25㎡/1K/築10年/徒歩5分
上野駅,16650.0,14153.0,17483.0,4.64,,,,,,,台東区,2026-07,FUDOSAN DB(国交省データ・推定/集計値) 標準条件:25㎡/1K/築10年/徒歩5分
御徒町駅,16650.0,14153.0,17483.0,5.75,,,,,,,台東区,2026-07,FUDOSAN DB(国交省データ・推定/集計値) 標準条件:25㎡/1K/築10年/徒歩5分
秋葉原駅,16564.0,14079.0,17392.0,4.0,,,,,,,千代田区,2026-07,FUDOSAN DB(国交省データ・推定/集計値) 標準条件:25㎡/1K/築10年/徒歩5分
神田駅,16564.0,14079.0,17392.0,4.06,,,,,,,千代田区,2026-07,FUDOSAN DB(国交省データ・推定/集計値) 標準条件:25㎡/1K/築10年/徒歩5分
有楽町駅,16564.0,14079.0,17392.0,,,,,,,,千代田区,2026-07,FUDOSAN DB(国交省データ・推定/集計値) 標準条件:25㎡/1K/築10年/徒歩5分
浜松町駅,,,,,,,,,,,港区,2026-07,FUDOSAN DB(国交省データ・推定/集計値) 標準条件:25㎡/1K/築10年/徒歩5分
田町駅,,,,,,,,,,,港区,2026-07,FUDOSAN DB(国交省データ・推定/集計値) 標準条件:25㎡/1K/築10年/徒歩5分
高輪ゲートウェイ駅,,,,,,,,,,,港区,2026-07,FUDOSAN DB(国交省データ・推定/集計値) 標準条件:25㎡/1K/築10年/徒歩5分
矢野口駅,,,,,,,,,,,稲城市,2026-07,FUDOSAN DB(国交省データ・推定/集計値) 標準条件:25㎡/1K/築10年/徒歩5分
稲城長沼駅,,,,,,,,,,,稲城市,2026-07,FUDOSAN DB(国交省データ・推定/集計値) 標準条件:25㎡/1K/築10年/徒歩5分
南多摩駅,,,,,,,,,,,稲城市,2026-07,FUDOSAN DB(国交省データ・推定/集計値) 標準条件:25㎡/1K/築10年/徒歩5分
府中本町駅,11481.0,9759.0,12055.0,5.92,,,,,,,府中市,2026-07,FUDOSAN DB(国交省データ・推定/集計値) 標準条件:25㎡/1K/築10年/徒歩5分
分倍河原駅,11481.0,9759.0,12055.0,7.36,,,,,,,府中市,2026-07,FUDOSAN DB(国交省データ・推定/集計値) 標準条件:25㎡/1K/築10年/徒歩5分
西府駅,11481.0,9759.0,12055.0,7.8,,,,,,,府中市,2026-07,FUDOSAN DB(国交省データ・推定/集計値) 標準条件:25㎡/1K/築10年/徒歩5分
谷保駅,11233.0,9548.0,11794.0,6.78,,,,,,,国立市,2026-07,FUDOSAN DB(国交省データ・推定/集計値) 標準条件:25㎡/1K/築10年/徒歩5分
矢川駅,11233.0,9548.0,11794.0,8.0,,,,,,,国立市,2026-07,FUDOSAN DB(国交省データ・推定/集計値) 標準条件:25㎡/1K/築10年/徒歩5分
西国立駅,,,,,,,,,,,立川市,2026-07,FUDOSAN DB(国交省データ・推定/集計値) 標準条件:25㎡/1K/築10年/徒歩5分
立川駅,,,,,,,,,,,立川市,2026-07,FUDOSAN DB(国交省データ・推定/集計値) 標準条件:25㎡/1K/築10年/徒歩5分
北府中駅,11481.0,9759.0,12055.0,8.67,,,,,,,府中市,2026-07,FUDOSAN DB(国交省データ・推定/集計値) 標準条件:25㎡/1K/築10年/徒歩5分
西国分寺駅,11182.0,9505.0,11741.0,6.05,,,,,,,国分寺市,2026-07,FUDOSAN DB(国交省データ・推定/集計値) 標準条件:25㎡/1K/築10年/徒歩5分
新小平駅,11026.0,9372.0,11577.0,24.07,,,,,,,小平市,2026-07,FUDOSAN DB(国交省データ・推定/集計値) 標準条件:25㎡/1K/築10年/徒歩5分
新秋津駅,,,,,,,,,,,東村山市,2026-07,FUDOSAN DB(国交省データ・推定/集計値) 標準条件:25㎡/1K/築10年/徒歩5分
成瀬駅,,,,,,,,,,,町田市,2026-07,FUDOSAN DB(国交省データ・推定/集計値) 標準条件:25㎡/1K/築10年/徒歩5分
町田駅,,,,,,,,,,,町田市,2026-07,FUDOSAN DB(国交省データ・推定/集計値) 標準条件:25㎡/1K/築10年/徒歩5分
相原駅,,,,,,,,,,,町田市,2026-07,FUDOSAN DB(国交省データ・推定/集計値) 標準条件:25㎡/1K/築10年/徒歩5分
八王子みなみ野駅,10371.0,8816.0,10890.0,8.3,,,,,,,八王子市,2026-07,FUDOSAN DB(国交省データ・推定/集計値) 標準条件:25㎡/1K/築10年/徒歩5分
片倉駅,10371.0,8816.0,10890.0,12.46,,,,,,,八王子市,2026-07,FUDOSAN DB(国交省データ・推定/集計値) 標準条件:25㎡/1K/築10年/徒歩5分
八王子駅,10371.0,8816.0,10890.0,7.02,,,,,,,八王子市,2026-07,FUDOSAN DB(国交省データ・推定/集計値) 標準条件:25㎡/1K/築10年/徒歩5分
西大井駅,16851.0,14323.0,17693.0,5.01,,,,,,,品川区,2026-07,FUDOSAN DB(国交省データ・推定/集計値) 標準条件:25㎡/1K/築10年/徒歩5分
四ツ谷駅,16891.0,14358.0,17736.0,3.18,,,,,,,新宿区,2026-07,FUDOSAN DB(国交省データ・推定/集計値) 標準条件:25㎡/1K/築10年/徒歩5分
吉祥寺駅,,,,,,,,,,,武蔵野市,2026-07,FUDOSAN DB(国交省データ・推定/集計値) 標準条件:25㎡/1K/築10年/徒歩5分
三鷹駅,11849.0,10072.0,12441.0,4.87,250572.0,1.87,5.15,34.4,0.3,"[{""y"": 2012, ""v"": 358800}, {""y"": 2013, ""v"": 359095}, {""y"": 2014, ""v"": 369227}, {""y"": 2015, ""v"": 371292}, {""y"": 2016, ""v"": 376667}, {""y"": 2017, ""v"": 383321}, {""y"": 2018, ""v"": 394107}, {""y"": 2019, ""v"": 413414}, {""y"": 2020, ""v"": 422759}, {""y"": 2021, ""v"": 413387}, {""y"": 2022, ""v"": 417645}, {""y"": 2023, ""v"": 428065}, {""y"": 2024, ""v"": 444710}, {""y"": 2025, ""v"": 470733}, {""y"": 2026, ""v"": 492433}]",三鷹市,2026-07,FUDOSAN DB(国交省データ・推定/集計値) 標準条件:25㎡/1K/築10年/徒歩5分
国分寺駅,11182.0,9505.0,11741.0,4.31,,,,,,,国分寺市,2026-07,FUDOSAN DB(国交省データ・推定/集計値) 標準条件:25㎡/1K/築10年/徒歩5分
日野駅,10787.0,9169.0,11326.0,11.91,,,,,,,日野市,2026-07,FUDOSAN DB(国交省データ・推定/集計値) 標準条件:25㎡/1K/築10年/徒歩5分
豊田駅,10787.0,9169.0,11326.0,7.47,,,,,,,日野市,2026-07,FUDOSAN DB(国交省データ・推定/集計値) 標準条件:25㎡/1K/築10年/徒歩5分
西八王子駅,10371.0,8816.0,10890.0,11.89,,,,,,,八王子市,2026-07,FUDOSAN DB(国交省データ・推定/集計値) 標準条件:25㎡/1K/築10年/徒歩5分
高尾駅,10371.0,8816.0,10890.0,10.76,,,,,,,八王子市,2026-07,FUDOSAN DB(国交省データ・推定/集計値) 標準条件:25㎡/1K/築10年/徒歩5分
御茶ノ水駅,16564.0,14079.0,17392.0,4.24,,,,,,,千代田区,2026-07,FUDOSAN DB(国交省データ・推定/集計値) 標準条件:25㎡/1K/築10年/徒歩5分
中野駅,16307.0,13861.0,17122.0,4.65,,,,,,,中野区,2026-07,FUDOSAN DB(国交省データ・推定/集計値) 標準条件:25㎡/1K/築10年/徒歩5分
高円寺駅,,,,,,,,,,,杉並区,2026-07,FUDOSAN DB(国交省データ・推定/集計値) 標準条件:25㎡/1K/築10年/徒歩5分
阿佐ケ谷駅,,,,,,,,,,,杉並区,2026-07,FUDOSAN DB(国交省データ・推定/集計値) 標準条件:25㎡/1K/築10年/徒歩5分
荻窪駅,,,,,,,,,,,杉並区,2026-07,FUDOSAN DB(国交省データ・推定/集計値) 標準条件:25㎡/1K/築10年/徒歩5分
西荻窪駅,,,,,,,,,,,杉並区,2026-07,FUDOSAN DB(国交省データ・推定/集計値) 標準条件:25㎡/1K/築10年/徒歩5分
武蔵境駅,,,,,,,,,,,武蔵野市,2026-07,FUDOSAN DB(国交省データ・推定/集計値) 標準条件:25㎡/1K/築10年/徒歩5分
東小金井駅,11187.0,9509.0,11746.0,5.6,,,,,,,小金井市,2026-07,FUDOSAN DB(国交省データ・推定/集計値) 標準条件:25㎡/1K/築10年/徒歩5分
武蔵小金井駅,11187.0,9509.0,11746.0,5.58,,,,,,,小金井市,2026-07,FUDOSAN DB(国交省データ・推定/集計値) 標準条件:25㎡/1K/築10年/徒歩5分
国立駅,11233.0,9548.0,11794.0,6.01,,,,,,,国立市,2026-07,FUDOSAN DB(国交省データ・推定/集計値) 標準条件:25㎡/1K/築10年/徒歩5分
東中野駅,16307.0,13861.0,17122.0,4.57,,,,,,,中野区,2026-07,FUDOSAN DB(国交省データ・推定/集計値) 標準条件:25㎡/1K/築10年/徒歩5分
大久保駅,16891.0,14358.0,17736.0,5.87,,,,,,,新宿区,2026-07,FUDOSAN DB(国交省データ・推定/集計値) 標準条件:25㎡/1K/築10年/徒歩5分
千駄ケ谷駅,,,,,,,,,,,渋谷区,2026-07,FUDOSAN DB(国交省データ・推定/集計値) 標準条件:25㎡/1K/築10年/徒歩5分
信濃町駅,16891.0,14358.0,17736.0,3.96,,,,,,,新宿区,2026-07,FUDOSAN DB(国交省データ・推定/集計値) 標準条件:25㎡/1K/築10年/徒歩5分
市ケ谷駅,16564.0,14079.0,17392.0,3.03,,,,,,,千代田区,2026-07,FUDOSAN DB(国交省データ・推定/集計値) 標準条件:25㎡/1K/築10年/徒歩5分
飯田橋駅,16564.0,14079.0,17392.0,3.91,,,,,,,千代田区,2026-07,FUDOSAN DB(国交省データ・推定/集計値) 標準条件:25㎡/1K/築10年/徒歩5分
水道橋駅,16564.0,14079.0,17392.0,3.64,,,,,,,千代田区,2026-07,FUDOSAN DB(国交省データ・推定/集計値) 標準条件:25㎡/1K/築10年/徒歩5分
浅草橋駅,16650.0,14153.0,17483.0,5.06,,,,,,,台東区,2026-07,FUDOSAN DB(国交省データ・推定/集計値) 標準条件:25㎡/1K/築10年/徒歩5分
両国駅,15048.0,12791.0,15800.0,5.2,,,,,,,墨田区,2026-07,FUDOSAN DB(国交省データ・推定/集計値) 標準条件:25㎡/1K/築10年/徒歩5分
錦糸町駅,15048.0,12791.0,15800.0,5.17,,,,,,,墨田区,2026-07,FUDOSAN DB(国交省データ・推定/集計値) 標準条件:25㎡/1K/築10年/徒歩5分
亀戸駅,,,,,,,,,,,江東区,2026-07,FUDOSAN DB(国交省データ・推定/集計値) 標準条件:25㎡/1K/築10年/徒歩5分
平井駅,,,,,,,,,,,江戸川区,2026-07,FUDOSAN DB(国交省データ・推定/集計値) 標準条件:25㎡/1K/築10年/徒歩5分
新小岩駅,,,,,,,,,,,葛飾区,2026-07,FUDOSAN DB(国交省データ・推定/集計値) 標準条件:25㎡/1K/築10年/徒歩5分
小岩駅,,,,,,,,,,,江戸川区,2026-07,FUDOSAN DB(国交省データ・推定/集計値) 標準条件:25㎡/1K/築10年/徒歩5分
新日本橋駅,16407.0,13946.0,17227.0,2.42,,,,,,,中央区,2026-07,FUDOSAN DB(国交省データ・推定/集計値) 標準条件:25㎡/1K/築10年/徒歩5分
馬喰町駅,16407.0,13946.0,17227.0,4.11,,,,,,,中央区,2026-07,FUDOSAN DB(国交省データ・推定/集計値) 標準条件:25㎡/1K/築10年/徒歩5分
西立川駅,,,,,,,,,,,立川市,2026-07,FUDOSAN DB(国交省データ・推定/集計値) 標準条件:25㎡/1K/築10年/徒歩5分
東中神駅,,,,,,,,,,,昭島市,2026-07,FUDOSAN DB(国交省データ・推定/集計値) 標準条件:25㎡/1K/築10年/徒歩5分
中神駅,,,,,,,,,,,昭島市,2026-07,FUDOSAN DB(国交省データ・推定/集計値) 標準条件:25㎡/1K/築10年/徒歩5分
昭島駅,,,,,,,,,,,昭島市,2026-07,FUDOSAN DB(国交省データ・推定/集計値) 標準条件:25㎡/1K/築10年/徒歩5分
拝島駅,,,,,,,,,,,昭島市,2026-07,FUDOSAN DB(国交省データ・推定/集計値) 標準条件:25㎡/1K/築10年/徒歩5分
牛浜駅,,,,,,,,,,,福生市,2026-07,FUDOSAN DB(国交省データ・推定/集計値) 標準条件:25㎡/1K/築10年/徒歩5分
福生駅,,,,,,,,,,,福生市,2026-07,FUDOSAN DB(国交省データ・推定/集計値) 標準条件:25㎡/1K/築10年/徒歩5分
羽村駅,,,,,,,,,,,羽村市,2026-07,FUDOSAN DB(国交省データ・推定/集計値) 標準条件:25㎡/1K/築10年/徒歩5分
小作駅,,,,,,,,,,,羽村市,2026-07,FUDOSAN DB(国交省データ・推定/集計値) 標準条件:25㎡/1K/築10年/徒歩5分
河辺駅,,,,,,,,,,,青梅市,2026-07,FUDOSAN DB(国交省データ・推定/集計値) 標準条件:25㎡/1K/築10年/徒歩5分
東青梅駅,,,,,,,,,,,青梅市,2026-07,FUDOSAN DB(国交省データ・推定/集計値) 標準条件:25㎡/1K/築10年/徒歩5分
青梅駅,,,,,,,,,,,青梅市,2026-07,FUDOSAN DB(国交省データ・推定/集計値) 標準条件:25㎡/1K/築10年/徒歩5分
宮ノ平駅,,,,,,,,,,,青梅市,2026-07,FUDOSAN DB(国交省データ・推定/集計値) 標準条件:25㎡/1K/築10年/徒歩5分
日向和田駅,,,,,,,,,,,青梅市,2026-07,FUDOSAN DB(国交省データ・推定/集計値) 標準条件:25㎡/1K/築10年/徒歩5分
石神前駅,,,,,,,,,,,青梅市,2026-07,FUDOSAN DB(国交省データ・推定/集計値) 標準条件:25㎡/1K/築10年/徒歩5分
二俣尾駅,,,,,,,,,,,青梅市,2026-07,FUDOSAN DB(国交省データ・推定/集計値) 標準条件:25㎡/1K/築10年/徒歩5分
軍畑駅,,,,,,,,,,,青梅市,2026-07,FUDOSAN DB(国交省データ・推定/集計値) 標準条件:25㎡/1K/築10年/徒歩5分
沢井駅,,,,,,,,,,,青梅市,2026-07,FUDOSAN DB(国交省データ・推定/集計値) 標準条件:25㎡/1K/築10年/徒歩5分
御嶽駅,,,,,,,,,,,青梅市,2026-07,FUDOSAN DB(国交省データ・推定/集計値) 標準条件:25㎡/1K/築10年/徒歩5分
川井駅,,,,,,,,,,,西多摩郡奥多摩町,2026-07,FUDOSAN DB(国交省データ・推定/集計値) 標準条件:25㎡/1K/築10年/徒歩5分
古里駅,,,,,,,,,,,西多摩郡奥多摩町,2026-07,FUDOSAN DB(国交省データ・推定/集計値) 標準条件:25㎡/1K/築10年/徒歩5分
鳩ノ巣駅,,,,,,,,,,,西多摩郡奥多摩町,2026-07,FUDOSAN DB(国交省データ・推定/集計値) 標準条件:25㎡/1K/築10年/徒歩5分
白丸駅,,,,,,,,,,,西多摩郡奥多摩町,2026-07,FUDOSAN DB(国交省データ・推定/集計値) 標準条件:25㎡/1K/築10年/徒歩5分
奥多摩駅,,,,,,,,,,,西多摩郡奥多摩町,2026-07,FUDOSAN DB(国交省データ・推定/集計値) 標準条件:25㎡/1K/築10年/徒歩5分
熊川駅,,,,,,,,,,,福生市,2026-07,FUDOSAN DB(国交省データ・推定/集計値) 標準条件:25㎡/1K/築10年/徒歩5分
東秋留駅,9649.0,8202.0,10131.0,,85858.0,-14.88,0.35,13.2,17.2,"[{""y"": 2012, ""v"": 99900}, {""y"": 2013, ""v"": 98718}, {""y"": 2014, ""v"": 99041}, {""y"": 2015, ""v"": 99782}, {""y"": 2016, ""v"": 97542}, {""y"": 2017, ""v"": 97929}, {""y"": 2018, ""v"": 97895}, {""y"": 2019, ""v"": 98930}, {""y"": 2020, ""v"": 98617}, {""y"": 2021, ""v"": 95909}, {""y"": 2022, ""v"": 95765}, {""y"": 2023, ""v"": 96613}, {""y"": 2024, ""v"": 97961}, {""y"": 2025, ""v"": 100395}, {""y"": 2026, ""v"": 99357}]",あきる野市,2026-07,FUDOSAN DB(国交省データ・推定/集計値) 標準条件:25㎡/1K/築10年/徒歩5分
秋川駅,9649.0,8202.0,10131.0,10.87,85858.0,-14.88,0.35,13.2,17.2,"[{""y"": 2012, ""v"": 99900}, {""y"": 2013, ""v"": 98718}, {""y"": 2014, ""v"": 99041}, {""y"": 2015, ""v"": 99782}, {""y"": 2016, ""v"": 97542}, {""y"": 2017, ""v"": 97929}, {""y"": 2018, ""v"": 97895}, {""y"": 2019, ""v"": 98930}, {""y"": 2020, ""v"": 98617}, {""y"": 2021, ""v"": 95909}, {""y"": 2022, ""v"": 95765}, {""y"": 2023, ""v"": 96613}, {""y"": 2024, ""v"": 97961}, {""y"": 2025, ""v"": 100395}, {""y"": 2026, ""v"": 99357}]",あきる野市,2026-07,FUDOSAN DB(国交省データ・推定/集計値) 標準条件:25㎡/1K/築10年/徒歩5分
武蔵引田駅,9649.0,8202.0,10131.0,,85858.0,-14.88,0.35,13.2,17.2,"[{""y"": 2012, ""v"": 99900}, {""y"": 2013, ""v"": 98718}, {""y"": 2014, ""v"": 99041}, {""y"": 2015, ""v"": 99782}, {""y"": 2016, ""v"": 97542}, {""y"": 2017, ""v"": 97929}, {""y"": 2018, ""v"": 97895}, {""y"": 2019, ""v"": 98930}, {""y"": 2020, ""v"": 98617}, {""y"": 2021, ""v"": 95909}, {""y"": 2022, ""v"": 95765}, {""y"": 2023, ""v"": 96613}, {""y"": 2024, ""v"": 97961}, {""y"": 2025, ""v"": 100395}, {""y"": 2026, ""v"": 99357}]",あきる野市,2026-07,FUDOSAN DB(国交省データ・推定/集計値) 標準条件:25㎡/1K/築10年/徒歩5分
武蔵増戸駅,9649.0,8202.0,10131.0,,85858.0,-14.88,0.35,13.2,17.2,"[{""y"": 2012, ""v"": 99900}, {""y"": 2013, ""v"": 98718}, {""y"": 2014, ""v"": 99041}, {""y"": 2015, ""v"": 99782}, {""y"": 2016, ""v"": 97542}, {""y"": 2017, ""v"": 97929}, {""y"": 2018, ""v"": 97895}, {""y"": 2019, ""v"": 98930}, {""y"": 2020, ""v"": 98617}, {""y"": 2021, ""v"": 95909}, {""y"": 2022, ""v"": 95765}, {""y"": 2023, ""v"": 96613}, {""y"": 2024, ""v"": 97961}, {""y"": 2025, ""v"": 100395}, {""y"": 2026, ""v"": 99357}]",あきる野市,2026-07,FUDOSAN DB(国交省データ・推定/集計値) 標準条件:25㎡/1K/築10年/徒歩5分
武蔵五日市駅,9649.0,8202.0,10131.0,,85858.0,-14.88,0.35,13.2,17.2,"[{""y"": 2012, ""v"": 99900}, {""y"": 2013, ""v"": 98718}, {""y"": 2014, ""v"": 99041}, {""y"": 2015, ""v"": 99782}, {""y"": 2016, ""v"": 97542}, {""y"": 2017, ""v"": 97929}, {""y"": 2018, ""v"": 97895}, {""y"": 2019, ""v"": 98930}, {""y"": 2020, ""v"": 98617}, {""y"": 2021, ""v"": 95909}, {""y"": 2022, ""v"": 95765}, {""y"": 2023, ""v"": 96613}, {""y"": 2024, ""v"": 97961}, {""y"": 2025, ""v"": 100395}, {""y"": 2026, ""v"": 99357}]",あきる野市,2026-07,FUDOSAN DB(国交省データ・推定/集計値) 標準条件:25㎡/1K/築10年/徒歩5分
北八王子駅,10371.0,8816.0,10890.0,11.06,,,,,,,八王子市,2026-07,FUDOSAN DB(国交省データ・推定/集計値) 標準条件:25㎡/1K/築10年/徒歩5分
小宮駅,10371.0,8816.0,10890.0,22.95,,,,,,,八王子市,2026-07,FUDOSAN DB(国交省データ・推定/集計値) 標準条件:25㎡/1K/築10年/徒歩5分
東福生駅,,,,,,,,,,,福生市,2026-07,FUDOSAN DB(国交省データ・推定/集計値) 標準条件:25㎡/1K/築10年/徒歩5分
箱根ケ崎駅,,,,,,,,,,,西多摩郡瑞穂町,2026-07,FUDOSAN DB(国交省データ・推定/集計値) 標準条件:25㎡/1K/築10年/徒歩5分
尾久駅,14331.0,12182.0,15048.0,7.33,,,,,,,北区,2026-07,FUDOSAN DB(国交省データ・推定/集計値) 標準条件:25㎡/1K/築10年/徒歩5分
赤羽駅,14331.0,12182.0,15048.0,5.34,,,,,,,北区,2026-07,FUDOSAN DB(国交省データ・推定/集計値) 標準条件:25㎡/1K/築10年/徒歩5分
三河島駅,,,,,,,,,,,荒川区,2026-07,FUDOSAN DB(国交省データ・推定/集計値) 標準条件:25㎡/1K/築10年/徒歩5分
南千住駅,,,,,,,,,,,荒川区,2026-07,FUDOSAN DB(国交省データ・推定/集計値) 標準条件:25㎡/1K/築10年/徒歩5分
北千住駅,,,,,,,,,,,足立区,2026-07,FUDOSAN DB(国交省データ・推定/集計値) 標準条件:25㎡/1K/築10年/徒歩5分
綾瀬駅,,,,,,,,,,,足立区,2026-07,FUDOSAN DB(国交省データ・推定/集計値) 標準条件:25㎡/1K/築10年/徒歩5分
亀有駅,,,,,,,,,,,葛飾区,2026-07,FUDOSAN DB(国交省データ・推定/集計値) 標準条件:25㎡/1K/築10年/徒歩5分
金町駅,,,,,,,,,,,葛飾区,2026-07,FUDOSAN DB(国交省データ・推定/集計値) 標準条件:25㎡/1K/築10年/徒歩5分
板橋駅,,,,,,,,,,,板橋区,2026-07,FUDOSAN DB(国交省データ・推定/集計値) 標準条件:25㎡/1K/築10年/徒歩5分
十条駅,14331.0,12182.0,15048.0,4.36,,,,,,,北区,2026-07,FUDOSAN DB(国交省データ・推定/集計値) 標準条件:25㎡/1K/築10年/徒歩5分
北赤羽駅,14331.0,12182.0,15048.0,6.56,,,,,,,北区,2026-07,FUDOSAN DB(国交省データ・推定/集計値) 標準条件:25㎡/1K/築10年/徒歩5分
浮間舟渡駅,14331.0,12182.0,15048.0,7.31,,,,,,,北区,2026-07,FUDOSAN DB(国交省データ・推定/集計値) 標準条件:25㎡/1K/築10年/徒歩5分
八丁堀駅,16407.0,13946.0,17227.0,3.46,,,,,,,中央区,2026-07,FUDOSAN DB(国交省データ・推定/集計値) 標準条件:25㎡/1K/築10年/徒歩5分
越中島駅,,,,,,,,,,,江東区,2026-07,FUDOSAN DB(国交省データ・推定/集計値) 標準条件:25㎡/1K/築10年/徒歩5分
潮見駅,,,,,,,,,,,江東区,2026-07,FUDOSAN DB(国交省データ・推定/集計値) 標準条件:25㎡/1K/築10年/徒歩5分
新木場駅,,,,,,,,,,,江東区,2026-07,FUDOSAN DB(国交省データ・推定/集計値) 標準条件:25㎡/1K/築10年/徒歩5分
葛西臨海公園駅,,,,,,,,,,,江戸川区,2026-07,FUDOSAN DB(国交省データ・推定/集計値) 標準条件:25㎡/1K/築10年/徒歩5分
東十条駅,14331.0,12182.0,15048.0,5.67,,,,,,,北区,2026-07,FUDOSAN DB(国交省データ・推定/集計値) 標準条件:25㎡/1K/築10年/徒歩5分
王子駅,14331.0,12182.0,15048.0,5.49,,,,,,,北区,2026-07,FUDOSAN DB(国交省データ・推定/集計値) 標準条件:25㎡/1K/築10年/徒歩5分
上中里駅,14331.0,12182.0,15048.0,4.77,,,,,,,北区,2026-07,FUDOSAN DB(国交省データ・推定/集計値) 標準条件:25㎡/1K/築10年/徒歩5分
大井町駅,16851.0,14323.0,17693.0,3.95,,,,,,,品川区,2026-07,FUDOSAN DB(国交省データ・推定/集計値) 標準条件:25㎡/1K/築10年/徒歩5分
大森駅,13476.0,11455.0,14150.0,5.02,,,,,,,大田区,2026-07,FUDOSAN DB(国交省データ・推定/集計値) 標準条件:25㎡/1K/築10年/徒歩5分
蒲田駅,13476.0,11455.0,14150.0,5.04,,,,,,,大田区,2026-07,FUDOSAN DB(国交省データ・推定/集計値) 標準条件:25㎡/1K/築10年/徒歩5分
北池袋駅,,,,,,,,,,,豊島区,2026-07,FUDOSAN DB(国交省データ・推定/集計値) 標準条件:25㎡/1K/築10年/徒歩5分
下板橋駅,,,,,,,,,,,豊島区,2026-07,FUDOSAN DB(国交省データ・推定/集計値) 標準条件:25㎡/1K/築10年/徒歩5分
大山駅,,,,,,,,,,,板橋区,2026-07,FUDOSAN DB(国交省データ・推定/集計値) 標準条件:25㎡/1K/築10年/徒歩5分
中板橋駅,,,,,,,,,,,板橋区,2026-07,FUDOSAN DB(国交省データ・推定/集計値) 標準条件:25㎡/1K/築10年/徒歩5分
ときわ台駅,,,,,,,,,,,板橋区,2026-07,FUDOSAN DB(国交省データ・推定/集計値) 標準条件:25㎡/1K/築10年/徒歩5分
上板橋駅,,,,,,,,,,,板橋区,2026-07,FUDOSAN DB(国交省データ・推定/集計値) 標準条件:25㎡/1K/築10年/徒歩5分
東武練馬駅,,,,,,,,,,,板橋区,2026-07,FUDOSAN DB(国交省データ・推定/集計値) 標準条件:25㎡/1K/築10年/徒歩5分
下赤塚駅,,,,,,,,,,,板橋区,2026-07,FUDOSAN DB(国交省データ・推定/集計値) 標準条件:25㎡/1K/築10年/徒歩5分
成増駅,,,,,,,,,,,板橋区,2026-07,FUDOSAN DB(国交省データ・推定/集計値) 標準条件:25㎡/1K/築10年/徒歩5分
浅草駅,16650.0,14153.0,17483.0,5.45,,,,,,,台東区,2026-07,FUDOSAN DB(国交省データ・推定/集計値) 標準条件:25㎡/1K/築10年/徒歩5分
とうきょうスカイツリー駅,15048.0,12791.0,15800.0,6.17,,,,,,,墨田区,2026-07,FUDOSAN DB(国交省データ・推定/集計値) 標準条件:25㎡/1K/築10年/徒歩5分
押上〈スカイツリー前〉駅,15048.0,12791.0,15800.0,,,,,,,,墨田区,2026-07,FUDOSAN DB(国交省データ・推定/集計値) 標準条件:25㎡/1K/築10年/徒歩5分
曳舟駅,15048.0,12791.0,15800.0,5.69,,,,,,,墨田区,2026-07,FUDOSAN DB(国交省データ・推定/集計値) 標準条件:25㎡/1K/築10年/徒歩5分
東向島駅,15048.0,12791.0,15800.0,5.94,,,,,,,墨田区,2026-07,FUDOSAN DB(国交省データ・推定/集計値) 標準条件:25㎡/1K/築10年/徒歩5分
鐘ヶ淵駅,15048.0,12791.0,15800.0,,,,,,,,墨田区,2026-07,FUDOSAN DB(国交省データ・推定/集計値) 標準条件:25㎡/1K/築10年/徒歩5分
堀切駅,,,,,,,,,,,足立区,2026-07,FUDOSAN DB(国交省データ・推定/集計値) 標準条件:25㎡/1K/築10年/徒歩5分
牛田駅,,,,,,,,,,,足立区,2026-07,FUDOSAN DB(国交省データ・推定/集計値) 標準条件:25㎡/1K/築10年/徒歩5分
小菅駅,,,,,,,,,,,足立区,2026-07,FUDOSAN DB(国交省データ・推定/集計値) 標準条件:25㎡/1K/築10年/徒歩5分
五反野駅,,,,,,,,,,,足立区,2026-07,FUDOSAN DB(国交省データ・推定/集計値) 標準条件:25㎡/1K/築10年/徒歩5分
梅島駅,,,,,,,,,,,足立区,2026-07,FUDOSAN DB(国交省データ・推定/集計値) 標準条件:25㎡/1K/築10年/徒歩5分
西新井駅,,,,,,,,,,,足立区,2026-07,FUDOSAN DB(国交省データ・推定/集計値) 標準条件:25㎡/1K/築10年/徒歩5分
竹ノ塚駅,,,,,,,,,,,足立区,2026-07,FUDOSAN DB(国交省データ・推定/集計値) 標準条件:25㎡/1K/築10年/徒歩5分
小村井駅,15048.0,12791.0,15800.0,6.86,,,,,,,墨田区,2026-07,FUDOSAN DB(国交省データ・推定/集計値) 標準条件:25㎡/1K/築10年/徒歩5分
東あずま駅,15048.0,12791.0,15800.0,8.36,,,,,,,墨田区,2026-07,FUDOSAN DB(国交省データ・推定/集計値) 標準条件:25㎡/1K/築10年/徒歩5分
亀戸水神駅,,,,,,,,,,,江東区,2026-07,FUDOSAN DB(国交省データ・推定/集計値) 標準条件:25㎡/1K/築10年/徒歩5分
大師前駅,,,,,,,,,,,足立区,2026-07,FUDOSAN DB(国交省データ・推定/集計値) 標準条件:25㎡/1K/築10年/徒歩5分
椎名町駅,,,,,,,,,,,豊島区,2026-07,FUDOSAN DB(国交省データ・推定/集計値) 標準条件:25㎡/1K/築10年/徒歩5分
東長崎駅,,,,,,,,,,,豊島区,2026-07,FUDOSAN DB(国交省データ・推定/集計値) 標準条件:25㎡/1K/築10年/徒歩5分
江古田駅,,,,,,,,,,,練馬区,2026-07,FUDOSAN DB(国交省データ・推定/集計値) 標準条件:25㎡/1K/築10年/徒歩5分
桜台駅,,,,,,,,,,,練馬区,2026-07,FUDOSAN DB(国交省データ・推定/集計値) 標準条件:25㎡/1K/築10年/徒歩5分
練馬駅,,,,,,,,,,,練馬区,2026-07,FUDOSAN DB(国交省データ・推定/集計値) 標準条件:25㎡/1K/築10年/徒歩5分
中村橋駅,,,,,,,,,,,練馬区,2026-07,FUDOSAN DB(国交省データ・推定/集計値) 標準条件:25㎡/1K/築10年/徒歩5分
富士見台駅,,,,,,,,,,,練馬区,2026-07,FUDOSAN DB(国交省データ・推定/集計値) 標準条件:25㎡/1K/築10年/徒歩5分
練馬高野台駅,,,,,,,,,,,練馬区,2026-07,FUDOSAN DB(国交省データ・推定/集計値) 標準条件:25㎡/1K/築10年/徒歩5分
石神井公園駅,,,,,,,,,,,練馬区,2026-07,FUDOSAN DB(国交省データ・推定/集計値) 標準条件:25㎡/1K/築10年/徒歩5分
大泉学園駅,,,,,,,,,,,練馬区,2026-07,FUDOSAN DB(国交省データ・推定/集計値) 標準条件:25㎡/1K/築10年/徒歩5分
保谷駅,,,,,,,,,,,西東京市,2026-07,FUDOSAN DB(国交省データ・推定/集計値) 標準条件:25㎡/1K/築10年/徒歩5分
ひばりヶ丘駅,,,,,,,,,,,西東京市,2026-07,FUDOSAN DB(国交省データ・推定/集計値) 標準条件:25㎡/1K/築10年/徒歩5分
東久留米駅,,,,,,,,,,,東久留米市,2026-07,FUDOSAN DB(国交省データ・推定/集計値) 標準条件:25㎡/1K/築10年/徒歩5分
清瀬駅,,,,,,,,,,,清瀬市,2026-07,FUDOSAN DB(国交省データ・推定/集計値) 標準条件:25㎡/1K/築10年/徒歩5分
秋津駅,,,,,,,,,,,東村山市,2026-07,FUDOSAN DB(国交省データ・推定/集計値) 標準条件:25㎡/1K/築10年/徒歩5分
小竹向原駅,,,,,,,,,,,練馬区,2026-07,FUDOSAN DB(国交省データ・推定/集計値) 標準条件:25㎡/1K/築10年/徒歩5分
新桜台駅,,,,,,,,,,,練馬区,2026-07,FUDOSAN DB(国交省データ・推定/集計値) 標準条件:25㎡/1K/築10年/徒歩5分
豊島園駅,,,,,,,,,,,練馬区,2026-07,FUDOSAN DB(国交省データ・推定/集計値) 標準条件:25㎡/1K/築10年/徒歩5分
多摩湖駅,,,,,,,,,,,東村山市,2026-07,FUDOSAN DB(国交省データ・推定/集計値) 標準条件:25㎡/1K/築10年/徒歩5分
西武新宿駅,16891.0,14358.0,17736.0,7.51,,,,,,,新宿区,2026-07,FUDOSAN DB(国交省データ・推定/集計値) 標準条件:25㎡/1K/築10年/徒歩5分
下落合駅,16891.0,14358.0,17736.0,5.61,,,,,,,新宿区,2026-07,FUDOSAN DB(国交省データ・推定/集計値) 標準条件:25㎡/1K/築10年/徒歩5分
中井駅,16891.0,14358.0,17736.0,6.78,,,,,,,新宿区,2026-07,FUDOSAN DB(国交省データ・推定/集計値) 標準条件:25㎡/1K/築10年/徒歩5分
新井薬師前駅,16307.0,13861.0,17122.0,6.01,,,,,,,中野区,2026-07,FUDOSAN DB(国交省データ・推定/集計値) 標準条件:25㎡/1K/築10年/徒歩5分
沼袋駅,16307.0,13861.0,17122.0,7.22,,,,,,,中野区,2026-07,FUDOSAN DB(国交省データ・推定/集計値) 標準条件:25㎡/1K/築10年/徒歩5分
野方駅,16307.0,13861.0,17122.0,7.92,,,,,,,中野区,2026-07,FUDOSAN DB(国交省データ・推定/集計値) 標準条件:25㎡/1K/築10年/徒歩5分
都立家政駅,16307.0,13861.0,17122.0,7.64,,,,,,,中野区,2026-07,FUDOSAN DB(国交省データ・推定/集計値) 標準条件:25㎡/1K/築10年/徒歩5分
鷺ノ宮駅,16307.0,13861.0,17122.0,6.26,,,,,,,中野区,2026-07,FUDOSAN DB(国交省データ・推定/集計値) 標準条件:25㎡/1K/築10年/徒歩5分
下井草駅,,,,,,,,,,,杉並区,2026-07,FUDOSAN DB(国交省データ・推定/集計値) 標準条件:25㎡/1K/築10年/徒歩5分
井荻駅,,,,,,,,,,,杉並区,2026-07,FUDOSAN DB(国交省データ・推定/集計値) 標準条件:25㎡/1K/築10年/徒歩5分
上井草駅,,,,,,,,,,,杉並区,2026-07,FUDOSAN DB(国交省データ・推定/集計値) 標準条件:25㎡/1K/築10年/徒歩5分
上石神井駅,,,,,,,,,,,練馬区,2026-07,FUDOSAN DB(国交省データ・推定/集計値) 標準条件:25㎡/1K/築10年/徒歩5分
武蔵関駅,,,,,,,,,,,練馬区,2026-07,FUDOSAN DB(国交省データ・推定/集計値) 標準条件:25㎡/1K/築10年/徒歩5分
東伏見駅,,,,,,,,,,,西東京市,2026-07,FUDOSAN DB(国交省データ・推定/集計値) 標準条件:25㎡/1K/築10年/徒歩5分
西武柳沢駅,,,,,,,,,,,西東京市,2026-07,FUDOSAN DB(国交省データ・推定/集計値) 標準条件:25㎡/1K/築10年/徒歩5分
田無駅,,,,,,,,,,,西東京市,2026-07,FUDOSAN DB(国交省データ・推定/集計値) 標準条件:25㎡/1K/築10年/徒歩5分
花小金井駅,11026.0,9372.0,11577.0,9.16,,,,,,,小平市,2026-07,FUDOSAN DB(国交省データ・推定/集計値) 標準条件:25㎡/1K/築10年/徒歩5分
小平駅,11026.0,9372.0,11577.0,9.89,,,,,,,小平市,2026-07,FUDOSAN DB(国交省データ・推定/集計値) 標準条件:25㎡/1K/築10年/徒歩5分
久米川駅,,,,,,,,,,,東村山市,2026-07,FUDOSAN DB(国交省データ・推定/集計値) 標準条件:25㎡/1K/築10年/徒歩5分
東村山駅,,,,,,,,,,,東村山市,2026-07,FUDOSAN DB(国交省データ・推定/集計値) 標準条件:25㎡/1K/築10年/徒歩5分
萩山駅,,,,,,,,,,,東村山市,2026-07,FUDOSAN DB(国交省データ・推定/集計値) 標準条件:25㎡/1K/築10年/徒歩5分
小川駅,11026.0,9372.0,11577.0,9.82,,,,,,,小平市,2026-07,FUDOSAN DB(国交省データ・推定/集計値) 標準条件:25㎡/1K/築10年/徒歩5分
東大和市駅,,,,,,,,,,,東大和市,2026-07,FUDOSAN DB(国交省データ・推定/集計値) 標準条件:25㎡/1K/築10年/徒歩5分
玉川上水駅,,,,,,,,,,,立川市,2026-07,FUDOSAN DB(国交省データ・推定/集計値) 標準条件:25㎡/1K/築10年/徒歩5分
武蔵砂川駅,,,,,,,,,,,立川市,2026-07,FUDOSAN DB(国交省データ・推定/集計値) 標準条件:25㎡/1K/築10年/徒歩5分
西武立川駅,,,,,,,,,,,立川市,2026-07,FUDOSAN DB(国交省データ・推定/集計値) 標準条件:25㎡/1K/築10年/徒歩5分
西武園駅,,,,,,,,,,,東村山市,2026-07,FUDOSAN DB(国交省データ・推定/集計値) 標準条件:25㎡/1K/築10年/徒歩5分
恋ヶ窪駅,11182.0,9505.0,11741.0,,,,,,,,国分寺市,2026-07,FUDOSAN DB(国交省データ・推定/集計値) 標準条件:25㎡/1K/築10年/徒歩5分
鷹の台駅,11026.0,9372.0,11577.0,6.91,,,,,,,小平市,2026-07,FUDOSAN DB(国交省データ・推定/集計値) 標準条件:25㎡/1K/築10年/徒歩5分
一橋学園駅,11026.0,9372.0,11577.0,8.41,,,,,,,小平市,2026-07,FUDOSAN DB(国交省データ・推定/集計値) 標準条件:25㎡/1K/築10年/徒歩5分
青梅街道駅,11026.0,9372.0,11577.0,8.24,,,,,,,小平市,2026-07,FUDOSAN DB(国交省データ・推定/集計値) 標準条件:25㎡/1K/築10年/徒歩5分
八坂駅,,,,,,,,,,,東村山市,2026-07,FUDOSAN DB(国交省データ・推定/集計値) 標準条件:25㎡/1K/築10年/徒歩5分
武蔵大和駅,,,,,,,,,,,東村山市,2026-07,FUDOSAN DB(国交省データ・推定/集計値) 標準条件:25㎡/1K/築10年/徒歩5分
新小金井駅,11187.0,9509.0,11746.0,8.47,,,,,,,小金井市,2026-07,FUDOSAN DB(国交省データ・推定/集計値) 標準条件:25㎡/1K/築10年/徒歩5分
多磨駅,11481.0,9759.0,12055.0,9.16,,,,,,,府中市,2026-07,FUDOSAN DB(国交省データ・推定/集計値) 標準条件:25㎡/1K/築10年/徒歩5分
白糸台駅,11481.0,9759.0,12055.0,7.91,,,,,,,府中市,2026-07,FUDOSAN DB(国交省データ・推定/集計値) 標準条件:25㎡/1K/築10年/徒歩5分
競艇場前駅,11481.0,9759.0,12055.0,10.77,,,,,,,府中市,2026-07,FUDOSAN DB(国交省データ・推定/集計値) 標準条件:25㎡/1K/築10年/徒歩5分
是政駅,11481.0,9759.0,12055.0,9.74,,,,,,,府中市,2026-07,FUDOSAN DB(国交省データ・推定/集計値) 標準条件:25㎡/1K/築10年/徒歩5分
京成上野駅,16650.0,14153.0,17483.0,,,,,,,,台東区,2026-07,FUDOSAN DB(国交省データ・推定/集計値) 標準条件:25㎡/1K/築10年/徒歩5分
新三河島駅,,,,,,,,,,,荒川区,2026-07,FUDOSAN DB(国交省データ・推定/集計値) 標準条件:25㎡/1K/築10年/徒歩5分
町屋駅,,,,,,,,,,,荒川区,2026-07,FUDOSAN DB(国交省データ・推定/集計値) 標準条件:25㎡/1K/築10年/徒歩5分
千住大橋駅,,,,,,,,,,,足立区,2026-07,FUDOSAN DB(国交省データ・推定/集計値) 標準条件:25㎡/1K/築10年/徒歩5分
京成関屋駅,,,,,,,,,,,足立区,2026-07,FUDOSAN DB(国交省データ・推定/集計値) 標準条件:25㎡/1K/築10年/徒歩5分
堀切菖蒲園駅,,,,,,,,,,,葛飾区,2026-07,FUDOSAN DB(国交省データ・推定/集計値) 標準条件:25㎡/1K/築10年/徒歩5分
お花茶屋駅,,,,,,,,,,,葛飾区,2026-07,FUDOSAN DB(国交省データ・推定/集計値) 標準条件:25㎡/1K/築10年/徒歩5分
青砥駅,,,,,,,,,,,葛飾区,2026-07,FUDOSAN DB(国交省データ・推定/集計値) 標準条件:25㎡/1K/築10年/徒歩5分
京成高砂駅,,,,,,,,,,,葛飾区,2026-07,FUDOSAN DB(国交省データ・推定/集計値) 標準条件:25㎡/1K/築10年/徒歩5分
京成小岩駅,,,,,,,,,,,江戸川区,2026-07,FUDOSAN DB(国交省データ・推定/集計値) 標準条件:25㎡/1K/築10年/徒歩5分
江戸川駅,,,,,,,,,,,江戸川区,2026-07,FUDOSAN DB(国交省データ・推定/集計値) 標準条件:25㎡/1K/築10年/徒歩5分
押上（スカイツリー前）駅,15048.0,12791.0,15800.0,,,,,,,,墨田区,2026-07,FUDOSAN DB(国交省データ・推定/集計値) 標準条件:25㎡/1K/築10年/徒歩5分
京成曳舟駅,15048.0,12791.0,15800.0,6.29,,,,,,,墨田区,2026-07,FUDOSAN DB(国交省データ・推定/集計値) 標準条件:25㎡/1K/築10年/徒歩5分
八広駅,15048.0,12791.0,15800.0,7.43,,,,,,,墨田区,2026-07,FUDOSAN DB(国交省データ・推定/集計値) 標準条件:25㎡/1K/築10年/徒歩5分
四ツ木駅,,,,,,,,,,,葛飾区,2026-07,FUDOSAN DB(国交省データ・推定/集計値) 標準条件:25㎡/1K/築10年/徒歩5分
京成立石駅,,,,,,,,,,,葛飾区,2026-07,FUDOSAN DB(国交省データ・推定/集計値) 標準条件:25㎡/1K/築10年/徒歩5分
柴又駅,,,,,,,,,,,葛飾区,2026-07,FUDOSAN DB(国交省データ・推定/集計値) 標準条件:25㎡/1K/築10年/徒歩5分
京成金町駅,,,,,,,,,,,葛飾区,2026-07,FUDOSAN DB(国交省データ・推定/集計値) 標準条件:25㎡/1K/築10年/徒歩5分
笹塚駅,,,,,,,,,,,渋谷区,2026-07,FUDOSAN DB(国交省データ・推定/集計値) 標準条件:25㎡/1K/築10年/徒歩5分
代田橋駅,15695.0,13341.0,16480.0,5.64,1287242.0,4.68,7.24,23.0,0.3,,世田谷区,2026-07,FUDOSAN DB(国交省データ・推定/集計値) 標準条件:25㎡/1K/築10年/徒歩5分
明大前駅,15695.0,13341.0,16480.0,5.7,1287242.0,4.68,7.24,23.0,0.3,,世田谷区,2026-07,FUDOSAN DB(国交省データ・推定/集計値) 標準条件:25㎡/1K/築10年/徒歩5分
下高井戸駅,15695.0,13341.0,16480.0,5.02,1287242.0,4.68,7.24,23.0,0.3,,世田谷区,2026-07,FUDOSAN DB(国交省データ・推定/集計値) 標準条件:25㎡/1K/築10年/徒歩5分
桜上水駅,15695.0,13341.0,16480.0,5.36,1287242.0,4.68,7.24,23.0,0.3,,世田谷区,2026-07,FUDOSAN DB(国交省データ・推定/集計値) 標準条件:25㎡/1K/築10年/徒歩5分
上北沢駅,15695.0,13341.0,16480.0,6.5,1287242.0,4.68,7.24,23.0,0.3,,世田谷区,2026-07,FUDOSAN DB(国交省データ・推定/集計値) 標準条件:25㎡/1K/築10年/徒歩5分
八幡山駅,,,,,,,,,,,杉並区,2026-07,FUDOSAN DB(国交省データ・推定/集計値) 標準条件:25㎡/1K/築10年/徒歩5分
芦花公園駅,15695.0,13341.0,16480.0,6.33,1287242.0,4.68,7.24,23.0,0.3,,世田谷区,2026-07,FUDOSAN DB(国交省データ・推定/集計値) 標準条件:25㎡/1K/築10年/徒歩5分
千歳烏山駅,15695.0,13341.0,16480.0,7.09,1287242.0,4.68,7.24,23.0,0.3,,世田谷区,2026-07,FUDOSAN DB(国交省データ・推定/集計値) 標準条件:25㎡/1K/築10年/徒歩5分
仙川駅,,,,,,,,,,,調布市,2026-07,FUDOSAN DB(国交省データ・推定/集計値) 標準条件:25㎡/1K/築10年/徒歩5分
つつじヶ丘駅,,,,,,,,,,,調布市,2026-07,FUDOSAN DB(国交省データ・推定/集計値) 標準条件:25㎡/1K/築10年/徒歩5分
柴崎駅,,,,,,,,,,,調布市,2026-07,FUDOSAN DB(国交省データ・推定/集計値) 標準条件:25㎡/1K/築10年/徒歩5分
国領駅,,,,,,,,,,,調布市,2026-07,FUDOSAN DB(国交省データ・推定/集計値) 標準条件:25㎡/1K/築10年/徒歩5分
布田駅,,,,,,,,,,,調布市,2026-07,FUDOSAN DB(国交省データ・推定/集計値) 標準条件:25㎡/1K/築10年/徒歩5分
調布駅,,,,,,,,,,,調布市,2026-07,FUDOSAN DB(国交省データ・推定/集計値) 標準条件:25㎡/1K/築10年/徒歩5分
西調布駅,,,,,,,,,,,調布市,2026-07,FUDOSAN DB(国交省データ・推定/集計値) 標準条件:25㎡/1K/築10年/徒歩5分
飛田給駅,,,,,,,,,,,調布市,2026-07,FUDOSAN DB(国交省データ・推定/集計値) 標準条件:25㎡/1K/築10年/徒歩5分
武蔵野台駅,11481.0,9759.0,12055.0,10.75,,,,,,,府中市,2026-07,FUDOSAN DB(国交省データ・推定/集計値) 標準条件:25㎡/1K/築10年/徒歩5分
多磨霊園駅,11481.0,9759.0,12055.0,7.63,,,,,,,府中市,2026-07,FUDOSAN DB(国交省データ・推定/集計値) 標準条件:25㎡/1K/築10年/徒歩5分
東府中駅,11481.0,9759.0,12055.0,6.35,,,,,,,府中市,2026-07,FUDOSAN DB(国交省データ・推定/集計値) 標準条件:25㎡/1K/築10年/徒歩5分
府中駅,11481.0,9759.0,12055.0,5.23,,,,,,,府中市,2026-07,FUDOSAN DB(国交省データ・推定/集計値) 標準条件:25㎡/1K/築10年/徒歩5分
中河原駅,11481.0,9759.0,12055.0,9.49,,,,,,,府中市,2026-07,FUDOSAN DB(国交省データ・推定/集計値) 標準条件:25㎡/1K/築10年/徒歩5分
聖蹟桜ヶ丘駅,10927.0,9288.0,11473.0,,,,,,,,多摩市,2026-07,FUDOSAN DB(国交省データ・推定/集計値) 標準条件:25㎡/1K/築10年/徒歩5分
百草園駅,10787.0,9169.0,11326.0,15.31,,,,,,,日野市,2026-07,FUDOSAN DB(国交省データ・推定/集計値) 標準条件:25㎡/1K/築10年/徒歩5分
高幡不動駅,10787.0,9169.0,11326.0,12.03,,,,,,,日野市,2026-07,FUDOSAN DB(国交省データ・推定/集計値) 標準条件:25㎡/1K/築10年/徒歩5分
南平駅,10787.0,9169.0,11326.0,11.03,,,,,,,日野市,2026-07,FUDOSAN DB(国交省データ・推定/集計値) 標準条件:25㎡/1K/築10年/徒歩5分
平山城址公園駅,10787.0,9169.0,11326.0,24.73,,,,,,,日野市,2026-07,FUDOSAN DB(国交省データ・推定/集計値) 標準条件:25㎡/1K/築10年/徒歩5分
長沼駅,10371.0,8816.0,10890.0,9.78,,,,,,,八王子市,2026-07,FUDOSAN DB(国交省データ・推定/集計値) 標準条件:25㎡/1K/築10年/徒歩5分
北野駅,10371.0,8816.0,10890.0,10.63,,,,,,,八王子市,2026-07,FUDOSAN DB(国交省データ・推定/集計値) 標準条件:25㎡/1K/築10年/徒歩5分
京王八王子駅,10371.0,8816.0,10890.0,8.82,,,,,,,八王子市,2026-07,FUDOSAN DB(国交省データ・推定/集計値) 標準条件:25㎡/1K/築10年/徒歩5分
京王多摩川駅,,,,,,,,,,,調布市,2026-07,FUDOSAN DB(国交省データ・推定/集計値) 標準条件:25㎡/1K/築10年/徒歩5分
京王よみうりランド駅,,,,,,,,,,,稲城市,2026-07,FUDOSAN DB(国交省データ・推定/集計値) 標準条件:25㎡/1K/築10年/徒歩5分
稲城駅,,,,,,,,,,,稲城市,2026-07,FUDOSAN DB(国交省データ・推定/集計値) 標準条件:25㎡/1K/築10年/徒歩5分
京王永山駅,10927.0,9288.0,11473.0,11.98,,,,,,,多摩市,2026-07,FUDOSAN DB(国交省データ・推定/集計値) 標準条件:25㎡/1K/築10年/徒歩5分
京王多摩センター駅,10927.0,9288.0,11473.0,10.65,,,,,,,多摩市,2026-07,FUDOSAN DB(国交省データ・推定/集計値) 標準条件:25㎡/1K/築10年/徒歩5分
京王堀之内駅,10371.0,8816.0,10890.0,10.27,,,,,,,八王子市,2026-07,FUDOSAN DB(国交省データ・推定/集計値) 標準条件:25㎡/1K/築10年/徒歩5分
南大沢駅,10371.0,8816.0,10890.0,10.53,,,,,,,八王子市,2026-07,FUDOSAN DB(国交省データ・推定/集計値) 標準条件:25㎡/1K/築10年/徒歩5分
多摩境駅,,,,,,,,,,,町田市,2026-07,FUDOSAN DB(国交省データ・推定/集計値) 標準条件:25㎡/1K/築10年/徒歩5分
京王片倉駅,10371.0,8816.0,10890.0,15.26,,,,,,,八王子市,2026-07,FUDOSAN DB(国交省データ・推定/集計値) 標準条件:25㎡/1K/築10年/徒歩5分
山田駅,10371.0,8816.0,10890.0,19.56,,,,,,,八王子市,2026-07,FUDOSAN DB(国交省データ・推定/集計値) 標準条件:25㎡/1K/築10年/徒歩5分
めじろ台駅,10371.0,8816.0,10890.0,14.42,,,,,,,八王子市,2026-07,FUDOSAN DB(国交省データ・推定/集計値) 標準条件:25㎡/1K/築10年/徒歩5分
狭間駅,10371.0,8816.0,10890.0,14.34,,,,,,,八王子市,2026-07,FUDOSAN DB(国交省データ・推定/集計値) 標準条件:25㎡/1K/築10年/徒歩5分
高尾山口駅,10371.0,8816.0,10890.0,,,,,,,,八王子市,2026-07,FUDOSAN DB(国交省データ・推定/集計値) 標準条件:25㎡/1K/築10年/徒歩5分
府中競馬正門前駅,11481.0,9759.0,12055.0,5.29,,,,,,,府中市,2026-07,FUDOSAN DB(国交省データ・推定/集計値) 標準条件:25㎡/1K/築10年/徒歩5分
多摩動物公園駅,10787.0,9169.0,11326.0,15.91,,,,,,,日野市,2026-07,FUDOSAN DB(国交省データ・推定/集計値) 標準条件:25㎡/1K/築10年/徒歩5分
神泉駅,,,,,,,,,,,渋谷区,2026-07,FUDOSAN DB(国交省データ・推定/集計値) 標準条件:25㎡/1K/築10年/徒歩5分
駒場東大前駅,,,,,,,,,,,目黒区,2026-07,FUDOSAN DB(国交省データ・推定/集計値) 標準条件:25㎡/1K/築10年/徒歩5分
池ノ上駅,15695.0,13341.0,16480.0,4.44,1287242.0,4.68,7.24,23.0,0.3,,世田谷区,2026-07,FUDOSAN DB(国交省データ・推定/集計値) 標準条件:25㎡/1K/築10年/徒歩5分
下北沢駅,15695.0,13341.0,16480.0,4.18,1287242.0,4.68,7.24,23.0,0.3,,世田谷区,2026-07,FUDOSAN DB(国交省データ・推定/集計値) 標準条件:25㎡/1K/築10年/徒歩5分
新代田駅,15695.0,13341.0,16480.0,4.98,1287242.0,4.68,7.24,23.0,0.3,,世田谷区,2026-07,FUDOSAN DB(国交省データ・推定/集計値) 標準条件:25㎡/1K/築10年/徒歩5分
東松原駅,15695.0,13341.0,16480.0,5.34,1287242.0,4.68,7.24,23.0,0.3,,世田谷区,2026-07,FUDOSAN DB(国交省データ・推定/集計値) 標準条件:25㎡/1K/築10年/徒歩5分
永福町駅,,,,,,,,,,,杉並区,2026-07,FUDOSAN DB(国交省データ・推定/集計値) 標準条件:25㎡/1K/築10年/徒歩5分
西永福駅,,,,,,,,,,,杉並区,2026-07,FUDOSAN DB(国交省データ・推定/集計値) 標準条件:25㎡/1K/築10年/徒歩5分
浜田山駅,,,,,,,,,,,杉並区,2026-07,FUDOSAN DB(国交省データ・推定/集計値) 標準条件:25㎡/1K/築10年/徒歩5分
高井戸駅,,,,,,,,,,,杉並区,2026-07,FUDOSAN DB(国交省データ・推定/集計値) 標準条件:25㎡/1K/築10年/徒歩5分
富士見ヶ丘駅,,,,,,,,,,,杉並区,2026-07,FUDOSAN DB(国交省データ・推定/集計値) 標準条件:25㎡/1K/築10年/徒歩5分
久我山駅,,,,,,,,,,,杉並区,2026-07,FUDOSAN DB(国交省データ・推定/集計値) 標準条件:25㎡/1K/築10年/徒歩5分
三鷹台駅,11849.0,10072.0,12441.0,4.23,250572.0,1.87,5.15,34.4,0.3,"[{""y"": 2012, ""v"": 358800}, {""y"": 2013, ""v"": 359095}, {""y"": 2014, ""v"": 369227}, {""y"": 2015, ""v"": 371292}, {""y"": 2016, ""v"": 376667}, {""y"": 2017, ""v"": 383321}, {""y"": 2018, ""v"": 394107}, {""y"": 2019, ""v"": 413414}, {""y"": 2020, ""v"": 422759}, {""y"": 2021, ""v"": 413387}, {""y"": 2022, ""v"": 417645}, {""y"": 2023, ""v"": 428065}, {""y"": 2024, ""v"": 444710}, {""y"": 2025, ""v"": 470733}, {""y"": 2026, ""v"": 492433}]",三鷹市,2026-07,FUDOSAN DB(国交省データ・推定/集計値) 標準条件:25㎡/1K/築10年/徒歩5分
井の頭公園駅,11849.0,10072.0,12441.0,3.63,250572.0,1.87,5.15,34.4,0.3,"[{""y"": 2012, ""v"": 358800}, {""y"": 2013, ""v"": 359095}, {""y"": 2014, ""v"": 369227}, {""y"": 2015, ""v"": 371292}, {""y"": 2016, ""v"": 376667}, {""y"": 2017, ""v"": 383321}, {""y"": 2018, ""v"": 394107}, {""y"": 2019, ""v"": 413414}, {""y"": 2020, ""v"": 422759}, {""y"": 2021, ""v"": 413387}, {""y"": 2022, ""v"": 417645}, {""y"": 2023, ""v"": 428065}, {""y"": 2024, ""v"": 444710}, {""y"": 2025, ""v"": 470733}, {""y"": 2026, ""v"": 492433}]",三鷹市,2026-07,FUDOSAN DB(国交省データ・推定/集計値) 標準条件:25㎡/1K/築10年/徒歩5分
新線新宿駅,16891.0,14358.0,17736.0,,,,,,,,新宿区,2026-07,FUDOSAN DB(国交省データ・推定/集計値) 標準条件:25㎡/1K/築10年/徒歩5分
初台駅,,,,,,,,,,,渋谷区,2026-07,FUDOSAN DB(国交省データ・推定/集計値) 標準条件:25㎡/1K/築10年/徒歩5分
幡ヶ谷駅,,,,,,,,,,,渋谷区,2026-07,FUDOSAN DB(国交省データ・推定/集計値) 標準条件:25㎡/1K/築10年/徒歩5分
南新宿駅,,,,,,,,,,,渋谷区,2026-07,FUDOSAN DB(国交省データ・推定/集計値) 標準条件:25㎡/1K/築10年/徒歩5分
参宮橋駅,,,,,,,,,,,渋谷区,2026-07,FUDOSAN DB(国交省データ・推定/集計値) 標準条件:25㎡/1K/築10年/徒歩5分
代々木八幡駅,,,,,,,,,,,渋谷区,2026-07,FUDOSAN DB(国交省データ・推定/集計値) 標準条件:25㎡/1K/築10年/徒歩5分
代々木上原駅,,,,,,,,,,,渋谷区,2026-07,FUDOSAN DB(国交省データ・推定/集計値) 標準条件:25㎡/1K/築10年/徒歩5分
東北沢駅,15695.0,13341.0,16480.0,3.41,1287242.0,4.68,7.24,23.0,0.3,,世田谷区,2026-07,FUDOSAN DB(国交省データ・推定/集計値) 標準条件:25㎡/1K/築10年/徒歩5分
世田谷代田駅,15695.0,13341.0,16480.0,6.47,1287242.0,4.68,7.24,23.0,0.3,,世田谷区,2026-07,FUDOSAN DB(国交省データ・推定/集計値) 標準条件:25㎡/1K/築10年/徒歩5分
梅ヶ丘駅,15695.0,13341.0,16480.0,,1287242.0,4.68,7.24,23.0,0.3,,世田谷区,2026-07,FUDOSAN DB(国交省データ・推定/集計値) 標準条件:25㎡/1K/築10年/徒歩5分
豪徳寺駅,15695.0,13341.0,16480.0,6.39,1287242.0,4.68,7.24,23.0,0.3,,世田谷区,2026-07,FUDOSAN DB(国交省データ・推定/集計値) 標準条件:25㎡/1K/築10年/徒歩5分
経堂駅,15695.0,13341.0,16480.0,6.42,1287242.0,4.68,7.24,23.0,0.3,,世田谷区,2026-07,FUDOSAN DB(国交省データ・推定/集計値) 標準条件:25㎡/1K/築10年/徒歩5分
千歳船橋駅,15695.0,13341.0,16480.0,6.17,1287242.0,4.68,7.24,23.0,0.3,,世田谷区,2026-07,FUDOSAN DB(国交省データ・推定/集計値) 標準条件:25㎡/1K/築10年/徒歩5分
祖師ヶ谷大蔵駅,15695.0,13341.0,16480.0,,1287242.0,4.68,7.24,23.0,0.3,,世田谷区,2026-07,FUDOSAN DB(国交省データ・推定/集計値) 標準条件:25㎡/1K/築10年/徒歩5分
成城学園前駅,15695.0,13341.0,16480.0,6.24,1287242.0,4.68,7.24,23.0,0.3,,世田谷区,2026-07,FUDOSAN DB(国交省データ・推定/集計値) 標準条件:25㎡/1K/築10年/徒歩5分
喜多見駅,15695.0,13341.0,16480.0,8.15,1287242.0,4.68,7.24,23.0,0.3,,世田谷区,2026-07,FUDOSAN DB(国交省データ・推定/集計値) 標準条件:25㎡/1K/築10年/徒歩5分
狛江駅,,,,,,,,,,,狛江市,2026-07,FUDOSAN DB(国交省データ・推定/集計値) 標準条件:25㎡/1K/築10年/徒歩5分
和泉多摩川駅,,,,,,,,,,,狛江市,2026-07,FUDOSAN DB(国交省データ・推定/集計値) 標準条件:25㎡/1K/築10年/徒歩5分
鶴川駅,,,,,,,,,,,町田市,2026-07,FUDOSAN DB(国交省データ・推定/集計値) 標準条件:25㎡/1K/築10年/徒歩5分
玉川学園前駅,,,,,,,,,,,町田市,2026-07,FUDOSAN DB(国交省データ・推定/集計値) 標準条件:25㎡/1K/築10年/徒歩5分
小田急永山駅,10927.0,9288.0,11473.0,8.36,,,,,,,多摩市,2026-07,FUDOSAN DB(国交省データ・推定/集計値) 標準条件:25㎡/1K/築10年/徒歩5分
小田急多摩センター駅,10927.0,9288.0,11473.0,10.7,,,,,,,多摩市,2026-07,FUDOSAN DB(国交省データ・推定/集計値) 標準条件:25㎡/1K/築10年/徒歩5分
唐木田駅,10927.0,9288.0,11473.0,12.95,,,,,,,多摩市,2026-07,FUDOSAN DB(国交省データ・推定/集計値) 標準条件:25㎡/1K/築10年/徒歩5分
代官山駅,,,,,,,,,,,渋谷区,2026-07,FUDOSAN DB(国交省データ・推定/集計値) 標準条件:25㎡/1K/築10年/徒歩5分
中目黒駅,,,,,,,,,,,目黒区,2026-07,FUDOSAN DB(国交省データ・推定/集計値) 標準条件:25㎡/1K/築10年/徒歩5分
祐天寺駅,,,,,,,,,,,目黒区,2026-07,FUDOSAN DB(国交省データ・推定/集計値) 標準条件:25㎡/1K/築10年/徒歩5分
学芸大学駅,,,,,,,,,,,目黒区,2026-07,FUDOSAN DB(国交省データ・推定/集計値) 標準条件:25㎡/1K/築10年/徒歩5分
都立大学駅,,,,,,,,,,,目黒区,2026-07,FUDOSAN DB(国交省データ・推定/集計値) 標準条件:25㎡/1K/築10年/徒歩5分
自由が丘駅,,,,,,,,,,,目黒区,2026-07,FUDOSAN DB(国交省データ・推定/集計値) 標準条件:25㎡/1K/築10年/徒歩5分
田園調布駅,13476.0,11455.0,14150.0,6.05,,,,,,,大田区,2026-07,FUDOSAN DB(国交省データ・推定/集計値) 標準条件:25㎡/1K/築10年/徒歩5分
多摩川駅,13476.0,11455.0,14150.0,5.82,,,,,,,大田区,2026-07,FUDOSAN DB(国交省データ・推定/集計値) 標準条件:25㎡/1K/築10年/徒歩5分
不動前駅,16851.0,14323.0,17693.0,4.15,,,,,,,品川区,2026-07,FUDOSAN DB(国交省データ・推定/集計値) 標準条件:25㎡/1K/築10年/徒歩5分
武蔵小山駅,16851.0,14323.0,17693.0,4.01,,,,,,,品川区,2026-07,FUDOSAN DB(国交省データ・推定/集計値) 標準条件:25㎡/1K/築10年/徒歩5分
西小山駅,16851.0,14323.0,17693.0,4.39,,,,,,,品川区,2026-07,FUDOSAN DB(国交省データ・推定/集計値) 標準条件:25㎡/1K/築10年/徒歩5分
洗足駅,,,,,,,,,,,目黒区,2026-07,FUDOSAN DB(国交省データ・推定/集計値) 標準条件:25㎡/1K/築10年/徒歩5分
大岡山駅,13476.0,11455.0,14150.0,4.98,,,,,,,大田区,2026-07,FUDOSAN DB(国交省データ・推定/集計値) 標準条件:25㎡/1K/築10年/徒歩5分
奥沢駅,15695.0,13341.0,16480.0,4.47,1287242.0,4.68,7.24,23.0,0.3,,世田谷区,2026-07,FUDOSAN DB(国交省データ・推定/集計値) 標準条件:25㎡/1K/築10年/徒歩5分
池尻大橋駅,15695.0,13341.0,16480.0,4.19,1287242.0,4.68,7.24,23.0,0.3,,世田谷区,2026-07,FUDOSAN DB(国交省データ・推定/集計値) 標準条件:25㎡/1K/築10年/徒歩5分
三軒茶屋駅,15695.0,13341.0,16480.0,4.68,1287242.0,4.68,7.24,23.0,0.3,,世田谷区,2026-07,FUDOSAN DB(国交省データ・推定/集計値) 標準条件:25㎡/1K/築10年/徒歩5分
駒沢大学駅,15695.0,13341.0,16480.0,4.53,1287242.0,4.68,7.24,23.0,0.3,,世田谷区,2026-07,FUDOSAN DB(国交省データ・推定/集計値) 標準条件:25㎡/1K/築10年/徒歩5分
桜新町駅,15695.0,13341.0,16480.0,4.82,1287242.0,4.68,7.24,23.0,0.3,,世田谷区,2026-07,FUDOSAN DB(国交省データ・推定/集計値) 標準条件:25㎡/1K/築10年/徒歩5分
用賀駅,15695.0,13341.0,16480.0,5.24,1287242.0,4.68,7.24,23.0,0.3,,世田谷区,2026-07,FUDOSAN DB(国交省データ・推定/集計値) 標準条件:25㎡/1K/築10年/徒歩5分
二子玉川駅,15695.0,13341.0,16480.0,4.33,1287242.0,4.68,7.24,23.0,0.3,,世田谷区,2026-07,FUDOSAN DB(国交省データ・推定/集計値) 標準条件:25㎡/1K/築10年/徒歩5分
つくし野駅,,,,,,,,,,,町田市,2026-07,FUDOSAN DB(国交省データ・推定/集計値) 標準条件:25㎡/1K/築10年/徒歩5分
すずかけ台駅,,,,,,,,,,,町田市,2026-07,FUDOSAN DB(国交省データ・推定/集計値) 標準条件:25㎡/1K/築10年/徒歩5分
南町田グランベリーパーク駅,,,,,,,,,,,町田市,2026-07,FUDOSAN DB(国交省データ・推定/集計値) 標準条件:25㎡/1K/築10年/徒歩5分
下神明駅,16851.0,14323.0,17693.0,4.92,,,,,,,品川区,2026-07,FUDOSAN DB(国交省データ・推定/集計値) 標準条件:25㎡/1K/築10年/徒歩5分
戸越公園駅,16851.0,14323.0,17693.0,3.98,,,,,,,品川区,2026-07,FUDOSAN DB(国交省データ・推定/集計値) 標準条件:25㎡/1K/築10年/徒歩5分
中延駅,16851.0,14323.0,17693.0,4.77,,,,,,,品川区,2026-07,FUDOSAN DB(国交省データ・推定/集計値) 標準条件:25㎡/1K/築10年/徒歩5分
荏原町駅,16851.0,14323.0,17693.0,4.79,,,,,,,品川区,2026-07,FUDOSAN DB(国交省データ・推定/集計値) 標準条件:25㎡/1K/築10年/徒歩5分
旗の台駅,16851.0,14323.0,17693.0,6.91,,,,,,,品川区,2026-07,FUDOSAN DB(国交省データ・推定/集計値) 標準条件:25㎡/1K/築10年/徒歩5分
北千束駅,13476.0,11455.0,14150.0,4.63,,,,,,,大田区,2026-07,FUDOSAN DB(国交省データ・推定/集計値) 標準条件:25㎡/1K/築10年/徒歩5分
緑が丘駅,,,,,,,,,,,目黒区,2026-07,FUDOSAN DB(国交省データ・推定/集計値) 標準条件:25㎡/1K/築10年/徒歩5分
九品仏駅,15695.0,13341.0,16480.0,4.73,1287242.0,4.68,7.24,23.0,0.3,,世田谷区,2026-07,FUDOSAN DB(国交省データ・推定/集計値) 標準条件:25㎡/1K/築10年/徒歩5分
尾山台駅,15695.0,13341.0,16480.0,5.46,1287242.0,4.68,7.24,23.0,0.3,,世田谷区,2026-07,FUDOSAN DB(国交省データ・推定/集計値) 標準条件:25㎡/1K/築10年/徒歩5分
等々力駅,15695.0,13341.0,16480.0,5.6,1287242.0,4.68,7.24,23.0,0.3,,世田谷区,2026-07,FUDOSAN DB(国交省データ・推定/集計値) 標準条件:25㎡/1K/築10年/徒歩5分
上野毛駅,15695.0,13341.0,16480.0,5.85,1287242.0,4.68,7.24,23.0,0.3,,世田谷区,2026-07,FUDOSAN DB(国交省データ・推定/集計値) 標準条件:25㎡/1K/築10年/徒歩5分
大崎広小路駅,16851.0,14323.0,17693.0,5.2,,,,,,,品川区,2026-07,FUDOSAN DB(国交省データ・推定/集計値) 標準条件:25㎡/1K/築10年/徒歩5分
戸越銀座駅,16851.0,14323.0,17693.0,5.43,,,,,,,品川区,2026-07,FUDOSAN DB(国交省データ・推定/集計値) 標準条件:25㎡/1K/築10年/徒歩5分
荏原中延駅,16851.0,14323.0,17693.0,5.22,,,,,,,品川区,2026-07,FUDOSAN DB(国交省データ・推定/集計値) 標準条件:25㎡/1K/築10年/徒歩5分
長原駅,13476.0,11455.0,14150.0,5.96,,,,,,,大田区,2026-07,FUDOSAN DB(国交省データ・推定/集計値) 標準条件:25㎡/1K/築10年/徒歩5分
洗足池駅,13476.0,11455.0,14150.0,5.35,,,,,,,大田区,2026-07,FUDOSAN DB(国交省データ・推定/集計値) 標準条件:25㎡/1K/築10年/徒歩5分
石川台駅,13476.0,11455.0,14150.0,5.88,,,,,,,大田区,2026-07,FUDOSAN DB(国交省データ・推定/集計値) 標準条件:25㎡/1K/築10年/徒歩5分
雪が谷大塚駅,13476.0,11455.0,14150.0,4.59,,,,,,,大田区,2026-07,FUDOSAN DB(国交省データ・推定/集計値) 標準条件:25㎡/1K/築10年/徒歩5分
御嶽山駅,13476.0,11455.0,14150.0,5.11,,,,,,,大田区,2026-07,FUDOSAN DB(国交省データ・推定/集計値) 標準条件:25㎡/1K/築10年/徒歩5分
久が原駅,13476.0,11455.0,14150.0,5.81,,,,,,,大田区,2026-07,FUDOSAN DB(国交省データ・推定/集計値) 標準条件:25㎡/1K/築10年/徒歩5分
千鳥町駅,13476.0,11455.0,14150.0,5.32,,,,,,,大田区,2026-07,FUDOSAN DB(国交省データ・推定/集計値) 標準条件:25㎡/1K/築10年/徒歩5分
池上駅,13476.0,11455.0,14150.0,5.59,,,,,,,大田区,2026-07,FUDOSAN DB(国交省データ・推定/集計値) 標準条件:25㎡/1K/築10年/徒歩5分
蓮沼駅,13476.0,11455.0,14150.0,4.98,,,,,,,大田区,2026-07,FUDOSAN DB(国交省データ・推定/集計値) 標準条件:25㎡/1K/築10年/徒歩5分
沼部駅,13476.0,11455.0,14150.0,4.95,,,,,,,大田区,2026-07,FUDOSAN DB(国交省データ・推定/集計値) 標準条件:25㎡/1K/築10年/徒歩5分
鵜の木駅,13476.0,11455.0,14150.0,5.71,,,,,,,大田区,2026-07,FUDOSAN DB(国交省データ・推定/集計値) 標準条件:25㎡/1K/築10年/徒歩5分
下丸子駅,13476.0,11455.0,14150.0,5.57,,,,,,,大田区,2026-07,FUDOSAN DB(国交省データ・推定/集計値) 標準条件:25㎡/1K/築10年/徒歩5分
武蔵新田駅,13476.0,11455.0,14150.0,5.59,,,,,,,大田区,2026-07,FUDOSAN DB(国交省データ・推定/集計値) 標準条件:25㎡/1K/築10年/徒歩5分
矢口渡駅,13476.0,11455.0,14150.0,5.92,,,,,,,大田区,2026-07,FUDOSAN DB(国交省データ・推定/集計値) 標準条件:25㎡/1K/築10年/徒歩5分
西太子堂駅,15695.0,13341.0,16480.0,4.63,1287242.0,4.68,7.24,23.0,0.3,,世田谷区,2026-07,FUDOSAN DB(国交省データ・推定/集計値) 標準条件:25㎡/1K/築10年/徒歩5分
若林駅,15695.0,13341.0,16480.0,5.23,1287242.0,4.68,7.24,23.0,0.3,,世田谷区,2026-07,FUDOSAN DB(国交省データ・推定/集計値) 標準条件:25㎡/1K/築10年/徒歩5分
松陰神社前駅,15695.0,13341.0,16480.0,6.16,1287242.0,4.68,7.24,23.0,0.3,,世田谷区,2026-07,FUDOSAN DB(国交省データ・推定/集計値) 標準条件:25㎡/1K/築10年/徒歩5分
世田谷駅,15695.0,13341.0,16480.0,5.72,1287242.0,4.68,7.24,23.0,0.3,,世田谷区,2026-07,FUDOSAN DB(国交省データ・推定/集計値) 標準条件:25㎡/1K/築10年/徒歩5分
上町駅,15695.0,13341.0,16480.0,6.6,1287242.0,4.68,7.24,23.0,0.3,,世田谷区,2026-07,FUDOSAN DB(国交省データ・推定/集計値) 標準条件:25㎡/1K/築10年/徒歩5分
宮の坂駅,15695.0,13341.0,16480.0,7.88,1287242.0,4.68,7.24,23.0,0.3,,世田谷区,2026-07,FUDOSAN DB(国交省データ・推定/集計値) 標準条件:25㎡/1K/築10年/徒歩5分
山下駅,15695.0,13341.0,16480.0,12.21,1287242.0,4.68,7.24,23.0,0.3,,世田谷区,2026-07,FUDOSAN DB(国交省データ・推定/集計値) 標準条件:25㎡/1K/築10年/徒歩5分
松原駅,15695.0,13341.0,16480.0,4.58,1287242.0,4.68,7.24,23.0,0.3,,世田谷区,2026-07,FUDOSAN DB(国交省データ・推定/集計値) 標準条件:25㎡/1K/築10年/徒歩5分
泉岳寺駅,,,,,,,,,,,港区,2026-07,FUDOSAN DB(国交省データ・推定/集計値) 標準条件:25㎡/1K/築10年/徒歩5分
北品川駅,16851.0,14323.0,17693.0,4.52,,,,,,,品川区,2026-07,FUDOSAN DB(国交省データ・推定/集計値) 標準条件:25㎡/1K/築10年/徒歩5分
新馬場駅,16851.0,14323.0,17693.0,5.57,,,,,,,品川区,2026-07,FUDOSAN DB(国交省データ・推定/集計値) 標準条件:25㎡/1K/築10年/徒歩5分
青物横丁駅,16851.0,14323.0,17693.0,6.56,,,,,,,品川区,2026-07,FUDOSAN DB(国交省データ・推定/集計値) 標準条件:25㎡/1K/築10年/徒歩5分
鮫洲駅,16851.0,14323.0,17693.0,4.65,,,,,,,品川区,2026-07,FUDOSAN DB(国交省データ・推定/集計値) 標準条件:25㎡/1K/築10年/徒歩5分
立会川駅,16851.0,14323.0,17693.0,6.2,,,,,,,品川区,2026-07,FUDOSAN DB(国交省データ・推定/集計値) 標準条件:25㎡/1K/築10年/徒歩5分
大森海岸駅,16851.0,14323.0,17693.0,5.84,,,,,,,品川区,2026-07,FUDOSAN DB(国交省データ・推定/集計値) 標準条件:25㎡/1K/築10年/徒歩5分
平和島駅,13476.0,11455.0,14150.0,5.67,,,,,,,大田区,2026-07,FUDOSAN DB(国交省データ・推定/集計値) 標準条件:25㎡/1K/築10年/徒歩5分
大森町駅,13476.0,11455.0,14150.0,5.69,,,,,,,大田区,2026-07,FUDOSAN DB(国交省データ・推定/集計値) 標準条件:25㎡/1K/築10年/徒歩5分
梅屋敷駅,13476.0,11455.0,14150.0,5.58,,,,,,,大田区,2026-07,FUDOSAN DB(国交省データ・推定/集計値) 標準条件:25㎡/1K/築10年/徒歩5分
京急蒲田駅,13476.0,11455.0,14150.0,4.12,,,,,,,大田区,2026-07,FUDOSAN DB(国交省データ・推定/集計値) 標準条件:25㎡/1K/築10年/徒歩5分
雑色駅,13476.0,11455.0,14150.0,6.56,,,,,,,大田区,2026-07,FUDOSAN DB(国交省データ・推定/集計値) 標準条件:25㎡/1K/築10年/徒歩5分
六郷土手駅,13476.0,11455.0,14150.0,6.09,,,,,,,大田区,2026-07,FUDOSAN DB(国交省データ・推定/集計値) 標準条件:25㎡/1K/築10年/徒歩5分
糀谷駅,13476.0,11455.0,14150.0,5.31,,,,,,,大田区,2026-07,FUDOSAN DB(国交省データ・推定/集計値) 標準条件:25㎡/1K/築10年/徒歩5分
大鳥居駅,13476.0,11455.0,14150.0,6.52,,,,,,,大田区,2026-07,FUDOSAN DB(国交省データ・推定/集計値) 標準条件:25㎡/1K/築10年/徒歩5分
穴守稲荷駅,13476.0,11455.0,14150.0,6.64,,,,,,,大田区,2026-07,FUDOSAN DB(国交省データ・推定/集計値) 標準条件:25㎡/1K/築10年/徒歩5分
天空橋駅,13476.0,11455.0,14150.0,4.19,,,,,,,大田区,2026-07,FUDOSAN DB(国交省データ・推定/集計値) 標準条件:25㎡/1K/築10年/徒歩5分
羽田空港第3ターミナル駅,13476.0,11455.0,14150.0,,,,,,,,大田区,2026-07,FUDOSAN DB(国交省データ・推定/集計値) 標準条件:25㎡/1K/築10年/徒歩5分
羽田空港第1・第2ターミナル駅,13476.0,11455.0,14150.0,,,,,,,,大田区,2026-07,FUDOSAN DB(国交省データ・推定/集計値) 標準条件:25㎡/1K/築10年/徒歩5分
田原町駅,16650.0,14153.0,17483.0,4.71,,,,,,,台東区,2026-07,FUDOSAN DB(国交省データ・推定/集計値) 標準条件:25㎡/1K/築10年/徒歩5分
稲荷町駅,16650.0,14153.0,17483.0,4.82,,,,,,,台東区,2026-07,FUDOSAN DB(国交省データ・推定/集計値) 標準条件:25㎡/1K/築10年/徒歩5分
上野広小路駅,16650.0,14153.0,17483.0,,,,,,,,台東区,2026-07,FUDOSAN DB(国交省データ・推定/集計値) 標準条件:25㎡/1K/築10年/徒歩5分
末広町駅,16564.0,14079.0,17392.0,4.87,,,,,,,千代田区,2026-07,FUDOSAN DB(国交省データ・推定/集計値) 標準条件:25㎡/1K/築10年/徒歩5分
三越前駅,16407.0,13946.0,17227.0,3.45,,,,,,,中央区,2026-07,FUDOSAN DB(国交省データ・推定/集計値) 標準条件:25㎡/1K/築10年/徒歩5分
日本橋駅,16407.0,13946.0,17227.0,3.74,,,,,,,中央区,2026-07,FUDOSAN DB(国交省データ・推定/集計値) 標準条件:25㎡/1K/築10年/徒歩5分
京橋駅,16407.0,13946.0,17227.0,2.05,,,,,,,中央区,2026-07,FUDOSAN DB(国交省データ・推定/集計値) 標準条件:25㎡/1K/築10年/徒歩5分
銀座駅,16407.0,13946.0,17227.0,3.44,,,,,,,中央区,2026-07,FUDOSAN DB(国交省データ・推定/集計値) 標準条件:25㎡/1K/築10年/徒歩5分
虎ノ門駅,,,,,,,,,,,港区,2026-07,FUDOSAN DB(国交省データ・推定/集計値) 標準条件:25㎡/1K/築10年/徒歩5分
溜池山王駅,16564.0,14079.0,17392.0,2.45,,,,,,,千代田区,2026-07,FUDOSAN DB(国交省データ・推定/集計値) 標準条件:25㎡/1K/築10年/徒歩5分
赤坂見附駅,,,,,,,,,,,港区,2026-07,FUDOSAN DB(国交省データ・推定/集計値) 標準条件:25㎡/1K/築10年/徒歩5分
青山一丁目駅,,,,,,,,,,,港区,2026-07,FUDOSAN DB(国交省データ・推定/集計値) 標準条件:25㎡/1K/築10年/徒歩5分
外苑前駅,,,,,,,,,,,港区,2026-07,FUDOSAN DB(国交省データ・推定/集計値) 標準条件:25㎡/1K/築10年/徒歩5分
表参道駅,,,,,,,,,,,港区,2026-07,FUDOSAN DB(国交省データ・推定/集計値) 標準条件:25㎡/1K/築10年/徒歩5分
新大塚駅,16236.0,13800.0,17048.0,5.42,,,,,,,文京区,2026-07,FUDOSAN DB(国交省データ・推定/集計値) 標準条件:25㎡/1K/築10年/徒歩5分
茗荷谷駅,16236.0,13800.0,17048.0,4.44,,,,,,,文京区,2026-07,FUDOSAN DB(国交省データ・推定/集計値) 標準条件:25㎡/1K/築10年/徒歩5分
後楽園駅,16236.0,13800.0,17048.0,4.27,,,,,,,文京区,2026-07,FUDOSAN DB(国交省データ・推定/集計値) 標準条件:25㎡/1K/築10年/徒歩5分
本郷三丁目駅,16236.0,13800.0,17048.0,3.83,,,,,,,文京区,2026-07,FUDOSAN DB(国交省データ・推定/集計値) 標準条件:25㎡/1K/築10年/徒歩5分
淡路町駅,16564.0,14079.0,17392.0,3.14,,,,,,,千代田区,2026-07,FUDOSAN DB(国交省データ・推定/集計値) 標準条件:25㎡/1K/築10年/徒歩5分
大手町駅,16564.0,14079.0,17392.0,2.69,,,,,,,千代田区,2026-07,FUDOSAN DB(国交省データ・推定/集計値) 標準条件:25㎡/1K/築10年/徒歩5分
霞ケ関駅,16564.0,14079.0,17392.0,,,,,,,,千代田区,2026-07,FUDOSAN DB(国交省データ・推定/集計値) 標準条件:25㎡/1K/築10年/徒歩5分
国会議事堂前駅,16564.0,14079.0,17392.0,,,,,,,,千代田区,2026-07,FUDOSAN DB(国交省データ・推定/集計値) 標準条件:25㎡/1K/築10年/徒歩5分
四谷三丁目駅,16891.0,14358.0,17736.0,3.35,,,,,,,新宿区,2026-07,FUDOSAN DB(国交省データ・推定/集計値) 標準条件:25㎡/1K/築10年/徒歩5分
新宿御苑前駅,16891.0,14358.0,17736.0,3.3,,,,,,,新宿区,2026-07,FUDOSAN DB(国交省データ・推定/集計値) 標準条件:25㎡/1K/築10年/徒歩5分
新宿三丁目駅,16891.0,14358.0,17736.0,5.21,,,,,,,新宿区,2026-07,FUDOSAN DB(国交省データ・推定/集計値) 標準条件:25㎡/1K/築10年/徒歩5分
西新宿駅,16891.0,14358.0,17736.0,3.94,,,,,,,新宿区,2026-07,FUDOSAN DB(国交省データ・推定/集計値) 標準条件:25㎡/1K/築10年/徒歩5分
中野坂上駅,16307.0,13861.0,17122.0,5.26,,,,,,,中野区,2026-07,FUDOSAN DB(国交省データ・推定/集計値) 標準条件:25㎡/1K/築10年/徒歩5分
新中野駅,16307.0,13861.0,17122.0,5.61,,,,,,,中野区,2026-07,FUDOSAN DB(国交省データ・推定/集計値) 標準条件:25㎡/1K/築10年/徒歩5分
東高円寺駅,,,,,,,,,,,杉並区,2026-07,FUDOSAN DB(国交省データ・推定/集計値) 標準条件:25㎡/1K/築10年/徒歩5分
新高円寺駅,,,,,,,,,,,杉並区,2026-07,FUDOSAN DB(国交省データ・推定/集計値) 標準条件:25㎡/1K/築10年/徒歩5分
南阿佐ケ谷駅,,,,,,,,,,,杉並区,2026-07,FUDOSAN DB(国交省データ・推定/集計値) 標準条件:25㎡/1K/築10年/徒歩5分
中野新橋駅,16307.0,13861.0,17122.0,5.66,,,,,,,中野区,2026-07,FUDOSAN DB(国交省データ・推定/集計値) 標準条件:25㎡/1K/築10年/徒歩5分
中野富士見町駅,16307.0,13861.0,17122.0,6.05,,,,,,,中野区,2026-07,FUDOSAN DB(国交省データ・推定/集計値) 標準条件:25㎡/1K/築10年/徒歩5分
方南町駅,,,,,,,,,,,杉並区,2026-07,FUDOSAN DB(国交省データ・推定/集計値) 標準条件:25㎡/1K/築10年/徒歩5分
三ノ輪駅,16650.0,14153.0,17483.0,6.61,,,,,,,台東区,2026-07,FUDOSAN DB(国交省データ・推定/集計値) 標準条件:25㎡/1K/築10年/徒歩5分
入谷駅,16650.0,14153.0,17483.0,5.84,,,,,,,台東区,2026-07,FUDOSAN DB(国交省データ・推定/集計値) 標準条件:25㎡/1K/築10年/徒歩5分
仲御徒町駅,16650.0,14153.0,17483.0,5.37,,,,,,,台東区,2026-07,FUDOSAN DB(国交省データ・推定/集計値) 標準条件:25㎡/1K/築10年/徒歩5分
小伝馬町駅,16407.0,13946.0,17227.0,3.48,,,,,,,中央区,2026-07,FUDOSAN DB(国交省データ・推定/集計値) 標準条件:25㎡/1K/築10年/徒歩5分
人形町駅,16407.0,13946.0,17227.0,3.53,,,,,,,中央区,2026-07,FUDOSAN DB(国交省データ・推定/集計値) 標準条件:25㎡/1K/築10年/徒歩5分
茅場町駅,16407.0,13946.0,17227.0,4.59,,,,,,,中央区,2026-07,FUDOSAN DB(国交省データ・推定/集計値) 標準条件:25㎡/1K/築10年/徒歩5分
築地駅,16407.0,13946.0,17227.0,3.82,,,,,,,中央区,2026-07,FUDOSAN DB(国交省データ・推定/集計値) 標準条件:25㎡/1K/築10年/徒歩5分
東銀座駅,16407.0,13946.0,17227.0,3.31,,,,,,,中央区,2026-07,FUDOSAN DB(国交省データ・推定/集計値) 標準条件:25㎡/1K/築10年/徒歩5分
日比谷駅,16564.0,14079.0,17392.0,1.52,,,,,,,千代田区,2026-07,FUDOSAN DB(国交省データ・推定/集計値) 標準条件:25㎡/1K/築10年/徒歩5分
虎ノ門ヒルズ駅,,,,,,,,,,,港区,2026-07,FUDOSAN DB(国交省データ・推定/集計値) 標準条件:25㎡/1K/築10年/徒歩5分
神谷町駅,,,,,,,,,,,港区,2026-07,FUDOSAN DB(国交省データ・推定/集計値) 標準条件:25㎡/1K/築10年/徒歩5分
六本木駅,,,,,,,,,,,港区,2026-07,FUDOSAN DB(国交省データ・推定/集計値) 標準条件:25㎡/1K/築10年/徒歩5分
広尾駅,,,,,,,,,,,港区,2026-07,FUDOSAN DB(国交省データ・推定/集計値) 標準条件:25㎡/1K/築10年/徒歩5分
落合駅,16891.0,14358.0,17736.0,6.5,,,,,,,新宿区,2026-07,FUDOSAN DB(国交省データ・推定/集計値) 標準条件:25㎡/1K/築10年/徒歩5分
早稲田駅,16891.0,14358.0,17736.0,5.18,,,,,,,新宿区,2026-07,FUDOSAN DB(国交省データ・推定/集計値) 標準条件:25㎡/1K/築10年/徒歩5分
神楽坂駅,16891.0,14358.0,17736.0,3.45,,,,,,,新宿区,2026-07,FUDOSAN DB(国交省データ・推定/集計値) 標準条件:25㎡/1K/築10年/徒歩5分
九段下駅,16564.0,14079.0,17392.0,2.81,,,,,,,千代田区,2026-07,FUDOSAN DB(国交省データ・推定/集計値) 標準条件:25㎡/1K/築10年/徒歩5分
竹橋駅,16564.0,14079.0,17392.0,4.74,,,,,,,千代田区,2026-07,FUDOSAN DB(国交省データ・推定/集計値) 標準条件:25㎡/1K/築10年/徒歩5分
門前仲町駅,,,,,,,,,,,江東区,2026-07,FUDOSAN DB(国交省データ・推定/集計値) 標準条件:25㎡/1K/築10年/徒歩5分
木場駅,,,,,,,,,,,江東区,2026-07,FUDOSAN DB(国交省データ・推定/集計値) 標準条件:25㎡/1K/築10年/徒歩5分
東陽町駅,,,,,,,,,,,江東区,2026-07,FUDOSAN DB(国交省データ・推定/集計値) 標準条件:25㎡/1K/築10年/徒歩5分
南砂町駅,,,,,,,,,,,江東区,2026-07,FUDOSAN DB(国交省データ・推定/集計値) 標準条件:25㎡/1K/築10年/徒歩5分
西葛西駅,,,,,,,,,,,江戸川区,2026-07,FUDOSAN DB(国交省データ・推定/集計値) 標準条件:25㎡/1K/築10年/徒歩5分
葛西駅,,,,,,,,,,,江戸川区,2026-07,FUDOSAN DB(国交省データ・推定/集計値) 標準条件:25㎡/1K/築10年/徒歩5分
北綾瀬駅,,,,,,,,,,,足立区,2026-07,FUDOSAN DB(国交省データ・推定/集計値) 標準条件:25㎡/1K/築10年/徒歩5分
千駄木駅,16236.0,13800.0,17048.0,5.26,,,,,,,文京区,2026-07,FUDOSAN DB(国交省データ・推定/集計値) 標準条件:25㎡/1K/築10年/徒歩5分
根津駅,16236.0,13800.0,17048.0,4.11,,,,,,,文京区,2026-07,FUDOSAN DB(国交省データ・推定/集計値) 標準条件:25㎡/1K/築10年/徒歩5分
湯島駅,16236.0,13800.0,17048.0,3.71,,,,,,,文京区,2026-07,FUDOSAN DB(国交省データ・推定/集計値) 標準条件:25㎡/1K/築10年/徒歩5分
新御茶ノ水駅,16564.0,14079.0,17392.0,2.1,,,,,,,千代田区,2026-07,FUDOSAN DB(国交省データ・推定/集計値) 標準条件:25㎡/1K/築10年/徒歩5分
二重橋前駅,16564.0,14079.0,17392.0,,,,,,,,千代田区,2026-07,FUDOSAN DB(国交省データ・推定/集計値) 標準条件:25㎡/1K/築10年/徒歩5分
赤坂駅,,,,,,,,,,,港区,2026-07,FUDOSAN DB(国交省データ・推定/集計値) 標準条件:25㎡/1K/築10年/徒歩5分
乃木坂駅,,,,,,,,,,,港区,2026-07,FUDOSAN DB(国交省データ・推定/集計値) 標準条件:25㎡/1K/築10年/徒歩5分
明治神宮前〈原宿〉駅,,,,,,,,,,,渋谷区,2026-07,FUDOSAN DB(国交省データ・推定/集計値) 標準条件:25㎡/1K/築10年/徒歩5分
代々木公園駅,,,,,,,,,,,渋谷区,2026-07,FUDOSAN DB(国交省データ・推定/集計値) 標準条件:25㎡/1K/築10年/徒歩5分
地下鉄成増駅,,,,,,,,,,,板橋区,2026-07,FUDOSAN DB(国交省データ・推定/集計値) 標準条件:25㎡/1K/築10年/徒歩5分
地下鉄赤塚駅,,,,,,,,,,,練馬区,2026-07,FUDOSAN DB(国交省データ・推定/集計値) 標準条件:25㎡/1K/築10年/徒歩5分
平和台駅,,,,,,,,,,,練馬区,2026-07,FUDOSAN DB(国交省データ・推定/集計値) 標準条件:25㎡/1K/築10年/徒歩5分
氷川台駅,,,,,,,,,,,練馬区,2026-07,FUDOSAN DB(国交省データ・推定/集計値) 標準条件:25㎡/1K/築10年/徒歩5分
千川駅,,,,,,,,,,,豊島区,2026-07,FUDOSAN DB(国交省データ・推定/集計値) 標準条件:25㎡/1K/築10年/徒歩5分
要町駅,,,,,,,,,,,豊島区,2026-07,FUDOSAN DB(国交省データ・推定/集計値) 標準条件:25㎡/1K/築10年/徒歩5分
東池袋駅,,,,,,,,,,,豊島区,2026-07,FUDOSAN DB(国交省データ・推定/集計値) 標準条件:25㎡/1K/築10年/徒歩5分
護国寺駅,16236.0,13800.0,17048.0,5.59,,,,,,,文京区,2026-07,FUDOSAN DB(国交省データ・推定/集計値) 標準条件:25㎡/1K/築10年/徒歩5分
江戸川橋駅,16236.0,13800.0,17048.0,4.61,,,,,,,文京区,2026-07,FUDOSAN DB(国交省データ・推定/集計値) 標準条件:25㎡/1K/築10年/徒歩5分
麹町駅,16564.0,14079.0,17392.0,2.83,,,,,,,千代田区,2026-07,FUDOSAN DB(国交省データ・推定/集計値) 標準条件:25㎡/1K/築10年/徒歩5分
永田町駅,16564.0,14079.0,17392.0,2.08,,,,,,,千代田区,2026-07,FUDOSAN DB(国交省データ・推定/集計値) 標準条件:25㎡/1K/築10年/徒歩5分
桜田門駅,16564.0,14079.0,17392.0,,,,,,,,千代田区,2026-07,FUDOSAN DB(国交省データ・推定/集計値) 標準条件:25㎡/1K/築10年/徒歩5分
銀座一丁目駅,16407.0,13946.0,17227.0,3.16,,,,,,,中央区,2026-07,FUDOSAN DB(国交省データ・推定/集計値) 標準条件:25㎡/1K/築10年/徒歩5分
新富町駅,16407.0,13946.0,17227.0,3.98,,,,,,,中央区,2026-07,FUDOSAN DB(国交省データ・推定/集計値) 標準条件:25㎡/1K/築10年/徒歩5分
月島駅,16407.0,13946.0,17227.0,3.39,,,,,,,中央区,2026-07,FUDOSAN DB(国交省データ・推定/集計値) 標準条件:25㎡/1K/築10年/徒歩5分
豊洲駅,,,,,,,,,,,江東区,2026-07,FUDOSAN DB(国交省データ・推定/集計値) 標準条件:25㎡/1K/築10年/徒歩5分
辰巳駅,,,,,,,,,,,江東区,2026-07,FUDOSAN DB(国交省データ・推定/集計値) 標準条件:25㎡/1K/築10年/徒歩5分
半蔵門駅,16564.0,14079.0,17392.0,2.7,,,,,,,千代田区,2026-07,FUDOSAN DB(国交省データ・推定/集計値) 標準条件:25㎡/1K/築10年/徒歩5分
神保町駅,16564.0,14079.0,17392.0,3.17,,,,,,,千代田区,2026-07,FUDOSAN DB(国交省データ・推定/集計値) 標準条件:25㎡/1K/築10年/徒歩5分
水天宮前駅,16407.0,13946.0,17227.0,4.48,,,,,,,中央区,2026-07,FUDOSAN DB(国交省データ・推定/集計値) 標準条件:25㎡/1K/築10年/徒歩5分
清澄白河駅,,,,,,,,,,,江東区,2026-07,FUDOSAN DB(国交省データ・推定/集計値) 標準条件:25㎡/1K/築10年/徒歩5分
住吉駅,,,,,,,,,,,江東区,2026-07,FUDOSAN DB(国交省データ・推定/集計値) 標準条件:25㎡/1K/築10年/徒歩5分
赤羽岩淵駅,14331.0,12182.0,15048.0,4.96,,,,,,,北区,2026-07,FUDOSAN DB(国交省データ・推定/集計値) 標準条件:25㎡/1K/築10年/徒歩5分
志茂駅,14331.0,12182.0,15048.0,5.6,,,,,,,北区,2026-07,FUDOSAN DB(国交省データ・推定/集計値) 標準条件:25㎡/1K/築10年/徒歩5分
王子神谷駅,14331.0,12182.0,15048.0,7.07,,,,,,,北区,2026-07,FUDOSAN DB(国交省データ・推定/集計値) 標準条件:25㎡/1K/築10年/徒歩5分
西ケ原駅,14331.0,12182.0,15048.0,5.46,,,,,,,北区,2026-07,FUDOSAN DB(国交省データ・推定/集計値) 標準条件:25㎡/1K/築10年/徒歩5分
本駒込駅,16236.0,13800.0,17048.0,4.82,,,,,,,文京区,2026-07,FUDOSAN DB(国交省データ・推定/集計値) 標準条件:25㎡/1K/築10年/徒歩5分
東大前駅,16236.0,13800.0,17048.0,4.35,,,,,,,文京区,2026-07,FUDOSAN DB(国交省データ・推定/集計値) 標準条件:25㎡/1K/築10年/徒歩5分
六本木一丁目駅,,,,,,,,,,,港区,2026-07,FUDOSAN DB(国交省データ・推定/集計値) 標準条件:25㎡/1K/築10年/徒歩5分
麻布十番駅,,,,,,,,,,,港区,2026-07,FUDOSAN DB(国交省データ・推定/集計値) 標準条件:25㎡/1K/築10年/徒歩5分
白金高輪駅,,,,,,,,,,,港区,2026-07,FUDOSAN DB(国交省データ・推定/集計値) 標準条件:25㎡/1K/築10年/徒歩5分
白金台駅,,,,,,,,,,,港区,2026-07,FUDOSAN DB(国交省データ・推定/集計値) 標準条件:25㎡/1K/築10年/徒歩5分
雑司が谷駅,,,,,,,,,,,豊島区,2026-07,FUDOSAN DB(国交省データ・推定/集計値) 標準条件:25㎡/1K/築10年/徒歩5分
西早稲田駅,16891.0,14358.0,17736.0,5.16,,,,,,,新宿区,2026-07,FUDOSAN DB(国交省データ・推定/集計値) 標準条件:25㎡/1K/築10年/徒歩5分
東新宿駅,16891.0,14358.0,17736.0,5.26,,,,,,,新宿区,2026-07,FUDOSAN DB(国交省データ・推定/集計値) 標準条件:25㎡/1K/築10年/徒歩5分
北参道駅,,,,,,,,,,,渋谷区,2026-07,FUDOSAN DB(国交省データ・推定/集計値) 標準条件:25㎡/1K/築10年/徒歩5分
都庁前駅,16891.0,14358.0,17736.0,6.63,,,,,,,新宿区,2026-07,FUDOSAN DB(国交省データ・推定/集計値) 標準条件:25㎡/1K/築10年/徒歩5分
新宿西口駅,16891.0,14358.0,17736.0,3.63,,,,,,,新宿区,2026-07,FUDOSAN DB(国交省データ・推定/集計値) 標準条件:25㎡/1K/築10年/徒歩5分
若松河田駅,16891.0,14358.0,17736.0,4.76,,,,,,,新宿区,2026-07,FUDOSAN DB(国交省データ・推定/集計値) 標準条件:25㎡/1K/築10年/徒歩5分
牛込柳町駅,16891.0,14358.0,17736.0,4.43,,,,,,,新宿区,2026-07,FUDOSAN DB(国交省データ・推定/集計値) 標準条件:25㎡/1K/築10年/徒歩5分
牛込神楽坂駅,16891.0,14358.0,17736.0,3.85,,,,,,,新宿区,2026-07,FUDOSAN DB(国交省データ・推定/集計値) 標準条件:25㎡/1K/築10年/徒歩5分
春日駅,16236.0,13800.0,17048.0,4.03,,,,,,,文京区,2026-07,FUDOSAN DB(国交省データ・推定/集計値) 標準条件:25㎡/1K/築10年/徒歩5分
上野御徒町駅,16650.0,14153.0,17483.0,5.15,,,,,,,台東区,2026-07,FUDOSAN DB(国交省データ・推定/集計値) 標準条件:25㎡/1K/築10年/徒歩5分
新御徒町駅,16650.0,14153.0,17483.0,5.02,,,,,,,台東区,2026-07,FUDOSAN DB(国交省データ・推定/集計値) 標準条件:25㎡/1K/築10年/徒歩5分
蔵前駅,16650.0,14153.0,17483.0,4.81,,,,,,,台東区,2026-07,FUDOSAN DB(国交省データ・推定/集計値) 標準条件:25㎡/1K/築10年/徒歩5分
森下駅,,,,,,,,,,,江東区,2026-07,FUDOSAN DB(国交省データ・推定/集計値) 標準条件:25㎡/1K/築10年/徒歩5分
勝どき駅,16407.0,13946.0,17227.0,2.94,,,,,,,中央区,2026-07,FUDOSAN DB(国交省データ・推定/集計値) 標準条件:25㎡/1K/築10年/徒歩5分
築地市場駅,16407.0,13946.0,17227.0,4.68,,,,,,,中央区,2026-07,FUDOSAN DB(国交省データ・推定/集計値) 標準条件:25㎡/1K/築10年/徒歩5分
汐留駅,,,,,,,,,,,港区,2026-07,FUDOSAN DB(国交省データ・推定/集計値) 標準条件:25㎡/1K/築10年/徒歩5分
大門駅,,,,,,,,,,,港区,2026-07,FUDOSAN DB(国交省データ・推定/集計値) 標準条件:25㎡/1K/築10年/徒歩5分
赤羽橋駅,,,,,,,,,,,港区,2026-07,FUDOSAN DB(国交省データ・推定/集計値) 標準条件:25㎡/1K/築10年/徒歩5分
国立競技場駅,16891.0,14358.0,17736.0,2.76,,,,,,,新宿区,2026-07,FUDOSAN DB(国交省データ・推定/集計値) 標準条件:25㎡/1K/築10年/徒歩5分
西新宿五丁目駅,16891.0,14358.0,17736.0,3.44,,,,,,,新宿区,2026-07,FUDOSAN DB(国交省データ・推定/集計値) 標準条件:25㎡/1K/築10年/徒歩5分
落合南長崎駅,16891.0,14358.0,17736.0,6.46,,,,,,,新宿区,2026-07,FUDOSAN DB(国交省データ・推定/集計値) 標準条件:25㎡/1K/築10年/徒歩5分
新江古田駅,16307.0,13861.0,17122.0,6.97,,,,,,,中野区,2026-07,FUDOSAN DB(国交省データ・推定/集計値) 標準条件:25㎡/1K/築10年/徒歩5分
練馬春日町駅,,,,,,,,,,,練馬区,2026-07,FUDOSAN DB(国交省データ・推定/集計値) 標準条件:25㎡/1K/築10年/徒歩5分
光が丘駅,,,,,,,,,,,練馬区,2026-07,FUDOSAN DB(国交省データ・推定/集計値) 標準条件:25㎡/1K/築10年/徒歩5分
西馬込駅,13476.0,11455.0,14150.0,5.73,,,,,,,大田区,2026-07,FUDOSAN DB(国交省データ・推定/集計値) 標準条件:25㎡/1K/築10年/徒歩5分
馬込駅,13476.0,11455.0,14150.0,5.43,,,,,,,大田区,2026-07,FUDOSAN DB(国交省データ・推定/集計値) 標準条件:25㎡/1K/築10年/徒歩5分
戸越駅,16851.0,14323.0,17693.0,5.55,,,,,,,品川区,2026-07,FUDOSAN DB(国交省データ・推定/集計値) 標準条件:25㎡/1K/築10年/徒歩5分
高輪台駅,,,,,,,,,,,港区,2026-07,FUDOSAN DB(国交省データ・推定/集計値) 標準条件:25㎡/1K/築10年/徒歩5分
三田駅,,,,,,,,,,,港区,2026-07,FUDOSAN DB(国交省データ・推定/集計値) 標準条件:25㎡/1K/築10年/徒歩5分
宝町駅,16407.0,13946.0,17227.0,3.97,,,,,,,中央区,2026-07,FUDOSAN DB(国交省データ・推定/集計値) 標準条件:25㎡/1K/築10年/徒歩5分
東日本橋駅,16407.0,13946.0,17227.0,3.74,,,,,,,中央区,2026-07,FUDOSAN DB(国交省データ・推定/集計値) 標準条件:25㎡/1K/築10年/徒歩5分
本所吾妻橋駅,15048.0,12791.0,15800.0,5.35,,,,,,,墨田区,2026-07,FUDOSAN DB(国交省データ・推定/集計値) 標準条件:25㎡/1K/築10年/徒歩5分
芝公園駅,,,,,,,,,,,港区,2026-07,FUDOSAN DB(国交省データ・推定/集計値) 標準条件:25㎡/1K/築10年/徒歩5分
御成門駅,,,,,,,,,,,港区,2026-07,FUDOSAN DB(国交省データ・推定/集計値) 標準条件:25㎡/1K/築10年/徒歩5分
内幸町駅,16564.0,14079.0,17392.0,6.76,,,,,,,千代田区,2026-07,FUDOSAN DB(国交省データ・推定/集計値) 標準条件:25㎡/1K/築10年/徒歩5分
白山駅,16236.0,13800.0,17048.0,4.96,,,,,,,文京区,2026-07,FUDOSAN DB(国交省データ・推定/集計値) 標準条件:25㎡/1K/築10年/徒歩5分
千石駅,16236.0,13800.0,17048.0,4.24,,,,,,,文京区,2026-07,FUDOSAN DB(国交省データ・推定/集計値) 標準条件:25㎡/1K/築10年/徒歩5分
西巣鴨駅,,,,,,,,,,,豊島区,2026-07,FUDOSAN DB(国交省データ・推定/集計値) 標準条件:25㎡/1K/築10年/徒歩5分
新板橋駅,,,,,,,,,,,板橋区,2026-07,FUDOSAN DB(国交省データ・推定/集計値) 標準条件:25㎡/1K/築10年/徒歩5分
板橋区役所前駅,,,,,,,,,,,板橋区,2026-07,FUDOSAN DB(国交省データ・推定/集計値) 標準条件:25㎡/1K/築10年/徒歩5分
板橋本町駅,,,,,,,,,,,板橋区,2026-07,FUDOSAN DB(国交省データ・推定/集計値) 標準条件:25㎡/1K/築10年/徒歩5分
本蓮沼駅,,,,,,,,,,,板橋区,2026-07,FUDOSAN DB(国交省データ・推定/集計値) 標準条件:25㎡/1K/築10年/徒歩5分
志村坂上駅,,,,,,,,,,,板橋区,2026-07,FUDOSAN DB(国交省データ・推定/集計値) 標準条件:25㎡/1K/築10年/徒歩5分
志村三丁目駅,,,,,,,,,,,板橋区,2026-07,FUDOSAN DB(国交省データ・推定/集計値) 標準条件:25㎡/1K/築10年/徒歩5分
蓮根駅,,,,,,,,,,,板橋区,2026-07,FUDOSAN DB(国交省データ・推定/集計値) 標準条件:25㎡/1K/築10年/徒歩5分
西台駅,,,,,,,,,,,板橋区,2026-07,FUDOSAN DB(国交省データ・推定/集計値) 標準条件:25㎡/1K/築10年/徒歩5分
高島平駅,,,,,,,,,,,板橋区,2026-07,FUDOSAN DB(国交省データ・推定/集計値) 標準条件:25㎡/1K/築10年/徒歩5分
新高島平駅,,,,,,,,,,,板橋区,2026-07,FUDOSAN DB(国交省データ・推定/集計値) 標準条件:25㎡/1K/築10年/徒歩5分
西高島平駅,,,,,,,,,,,板橋区,2026-07,FUDOSAN DB(国交省データ・推定/集計値) 標準条件:25㎡/1K/築10年/徒歩5分
曙橋駅,16891.0,14358.0,17736.0,4.58,,,,,,,新宿区,2026-07,FUDOSAN DB(国交省データ・推定/集計値) 標準条件:25㎡/1K/築10年/徒歩5分
市ヶ谷駅,16564.0,14079.0,17392.0,,,,,,,,千代田区,2026-07,FUDOSAN DB(国交省データ・推定/集計値) 標準条件:25㎡/1K/築10年/徒歩5分
小川町駅,16564.0,14079.0,17392.0,3.79,,,,,,,千代田区,2026-07,FUDOSAN DB(国交省データ・推定/集計値) 標準条件:25㎡/1K/築10年/徒歩5分
岩本町駅,16564.0,14079.0,17392.0,3.87,,,,,,,千代田区,2026-07,FUDOSAN DB(国交省データ・推定/集計値) 標準条件:25㎡/1K/築10年/徒歩5分
馬喰横山駅,16407.0,13946.0,17227.0,3.74,,,,,,,中央区,2026-07,FUDOSAN DB(国交省データ・推定/集計値) 標準条件:25㎡/1K/築10年/徒歩5分
浜町駅,16407.0,13946.0,17227.0,3.59,,,,,,,中央区,2026-07,FUDOSAN DB(国交省データ・推定/集計値) 標準条件:25㎡/1K/築10年/徒歩5分
菊川駅,15048.0,12791.0,15800.0,5.25,,,,,,,墨田区,2026-07,FUDOSAN DB(国交省データ・推定/集計値) 標準条件:25㎡/1K/築10年/徒歩5分
西大島駅,,,,,,,,,,,江東区,2026-07,FUDOSAN DB(国交省データ・推定/集計値) 標準条件:25㎡/1K/築10年/徒歩5分
大島駅,,,,,,,,,,,江東区,2026-07,FUDOSAN DB(国交省データ・推定/集計値) 標準条件:25㎡/1K/築10年/徒歩5分
東大島駅,,,,,,,,,,,江東区,2026-07,FUDOSAN DB(国交省データ・推定/集計値) 標準条件:25㎡/1K/築10年/徒歩5分
船堀駅,,,,,,,,,,,江戸川区,2026-07,FUDOSAN DB(国交省データ・推定/集計値) 標準条件:25㎡/1K/築10年/徒歩5分
一之江駅,,,,,,,,,,,江戸川区,2026-07,FUDOSAN DB(国交省データ・推定/集計値) 標準条件:25㎡/1K/築10年/徒歩5分
瑞江駅,,,,,,,,,,,江戸川区,2026-07,FUDOSAN DB(国交省データ・推定/集計値) 標準条件:25㎡/1K/築10年/徒歩5分
篠崎駅,,,,,,,,,,,江戸川区,2026-07,FUDOSAN DB(国交省データ・推定/集計値) 標準条件:25㎡/1K/築10年/徒歩5分
三ノ輪橋駅,,,,,,,,,,,荒川区,2026-07,FUDOSAN DB(国交省データ・推定/集計値) 標準条件:25㎡/1K/築10年/徒歩5分
荒川一中前駅,,,,,,,,,,,荒川区,2026-07,FUDOSAN DB(国交省データ・推定/集計値) 標準条件:25㎡/1K/築10年/徒歩5分
荒川区役所前駅,,,,,,,,,,,荒川区,2026-07,FUDOSAN DB(国交省データ・推定/集計値) 標準条件:25㎡/1K/築10年/徒歩5分
荒川二丁目駅,,,,,,,,,,,荒川区,2026-07,FUDOSAN DB(国交省データ・推定/集計値) 標準条件:25㎡/1K/築10年/徒歩5分
荒川七丁目駅,,,,,,,,,,,荒川区,2026-07,FUDOSAN DB(国交省データ・推定/集計値) 標準条件:25㎡/1K/築10年/徒歩5分
町屋駅前駅,,,,,,,,,,,荒川区,2026-07,FUDOSAN DB(国交省データ・推定/集計値) 標準条件:25㎡/1K/築10年/徒歩5分
町屋二丁目駅,,,,,,,,,,,荒川区,2026-07,FUDOSAN DB(国交省データ・推定/集計値) 標準条件:25㎡/1K/築10年/徒歩5分
東尾久三丁目駅,,,,,,,,,,,荒川区,2026-07,FUDOSAN DB(国交省データ・推定/集計値) 標準条件:25㎡/1K/築10年/徒歩5分
熊野前駅,,,,,,,,,,,荒川区,2026-07,FUDOSAN DB(国交省データ・推定/集計値) 標準条件:25㎡/1K/築10年/徒歩5分
宮ノ前駅,,,,,,,,,,,荒川区,2026-07,FUDOSAN DB(国交省データ・推定/集計値) 標準条件:25㎡/1K/築10年/徒歩5分
小台駅,,,,,,,,,,,荒川区,2026-07,FUDOSAN DB(国交省データ・推定/集計値) 標準条件:25㎡/1K/築10年/徒歩5分
荒川遊園地前駅,,,,,,,,,,,荒川区,2026-07,FUDOSAN DB(国交省データ・推定/集計値) 標準条件:25㎡/1K/築10年/徒歩5分
荒川車庫前駅,,,,,,,,,,,荒川区,2026-07,FUDOSAN DB(国交省データ・推定/集計値) 標準条件:25㎡/1K/築10年/徒歩5分
梶原駅,14331.0,12182.0,15048.0,9.11,,,,,,,北区,2026-07,FUDOSAN DB(国交省データ・推定/集計値) 標準条件:25㎡/1K/築10年/徒歩5分
栄町駅,14331.0,12182.0,15048.0,,,,,,,,北区,2026-07,FUDOSAN DB(国交省データ・推定/集計値) 標準条件:25㎡/1K/築10年/徒歩5分
王子駅前駅,14331.0,12182.0,15048.0,,,,,,,,北区,2026-07,FUDOSAN DB(国交省データ・推定/集計値) 標準条件:25㎡/1K/築10年/徒歩5分
飛鳥山駅,14331.0,12182.0,15048.0,6.79,,,,,,,北区,2026-07,FUDOSAN DB(国交省データ・推定/集計値) 標準条件:25㎡/1K/築10年/徒歩5分
滝野川一丁目駅,14331.0,12182.0,15048.0,5.65,,,,,,,北区,2026-07,FUDOSAN DB(国交省データ・推定/集計値) 標準条件:25㎡/1K/築10年/徒歩5分
西ヶ原四丁目駅,14331.0,12182.0,15048.0,,,,,,,,北区,2026-07,FUDOSAN DB(国交省データ・推定/集計値) 標準条件:25㎡/1K/築10年/徒歩5分
新庚申塚駅,,,,,,,,,,,豊島区,2026-07,FUDOSAN DB(国交省データ・推定/集計値) 標準条件:25㎡/1K/築10年/徒歩5分
庚申塚駅,,,,,,,,,,,豊島区,2026-07,FUDOSAN DB(国交省データ・推定/集計値) 標準条件:25㎡/1K/築10年/徒歩5分
巣鴨新田駅,,,,,,,,,,,豊島区,2026-07,FUDOSAN DB(国交省データ・推定/集計値) 標準条件:25㎡/1K/築10年/徒歩5分
大塚駅前駅,,,,,,,,,,,豊島区,2026-07,FUDOSAN DB(国交省データ・推定/集計値) 標準条件:25㎡/1K/築10年/徒歩5分
向原駅,,,,,,,,,,,豊島区,2026-07,FUDOSAN DB(国交省データ・推定/集計値) 標準条件:25㎡/1K/築10年/徒歩5分
東池袋四丁目駅,,,,,,,,,,,豊島区,2026-07,FUDOSAN DB(国交省データ・推定/集計値) 標準条件:25㎡/1K/築10年/徒歩5分
都電雑司ヶ谷駅,,,,,,,,,,,豊島区,2026-07,FUDOSAN DB(国交省データ・推定/集計値) 標準条件:25㎡/1K/築10年/徒歩5分
鬼子母神前駅,,,,,,,,,,,豊島区,2026-07,FUDOSAN DB(国交省データ・推定/集計値) 標準条件:25㎡/1K/築10年/徒歩5分
学習院下駅,,,,,,,,,,,豊島区,2026-07,FUDOSAN DB(国交省データ・推定/集計値) 標準条件:25㎡/1K/築10年/徒歩5分
面影橋駅,16891.0,14358.0,17736.0,6.27,,,,,,,新宿区,2026-07,FUDOSAN DB(国交省データ・推定/集計値) 標準条件:25㎡/1K/築10年/徒歩5分
青井駅,,,,,,,,,,,足立区,2026-07,FUDOSAN DB(国交省データ・推定/集計値) 標準条件:25㎡/1K/築10年/徒歩5分
六町駅,,,,,,,,,,,足立区,2026-07,FUDOSAN DB(国交省データ・推定/集計値) 標準条件:25㎡/1K/築10年/徒歩5分
竹芝駅,,,,,,,,,,,港区,2026-07,FUDOSAN DB(国交省データ・推定/集計値) 標準条件:25㎡/1K/築10年/徒歩5分
日の出駅,,,,,,,,,,,港区,2026-07,FUDOSAN DB(国交省データ・推定/集計値) 標準条件:25㎡/1K/築10年/徒歩5分
芝浦ふ頭駅,,,,,,,,,,,港区,2026-07,FUDOSAN DB(国交省データ・推定/集計値) 標準条件:25㎡/1K/築10年/徒歩5分
お台場海浜公園駅,,,,,,,,,,,港区,2026-07,FUDOSAN DB(国交省データ・推定/集計値) 標準条件:25㎡/1K/築10年/徒歩5分
台場駅,,,,,,,,,,,港区,2026-07,FUDOSAN DB(国交省データ・推定/集計値) 標準条件:25㎡/1K/築10年/徒歩5分
東京国際クルーズターミナル駅,,,,,,,,,,,江東区,2026-07,FUDOSAN DB(国交省データ・推定/集計値) 標準条件:25㎡/1K/築10年/徒歩5分
テレコムセンター駅,,,,,,,,,,,江東区,2026-07,FUDOSAN DB(国交省データ・推定/集計値) 標準条件:25㎡/1K/築10年/徒歩5分
青海駅,,,,,,,,,,,江東区,2026-07,FUDOSAN DB(国交省データ・推定/集計値) 標準条件:25㎡/1K/築10年/徒歩5分
東京ビッグサイト駅,,,,,,,,,,,江東区,2026-07,FUDOSAN DB(国交省データ・推定/集計値) 標準条件:25㎡/1K/築10年/徒歩5分
有明駅,,,,,,,,,,,江東区,2026-07,FUDOSAN DB(国交省データ・推定/集計値) 標準条件:25㎡/1K/築10年/徒歩5分
有明テニスの森駅,,,,,,,,,,,江東区,2026-07,FUDOSAN DB(国交省データ・推定/集計値) 標準条件:25㎡/1K/築10年/徒歩5分
市場前駅,,,,,,,,,,,江東区,2026-07,FUDOSAN DB(国交省データ・推定/集計値) 標準条件:25㎡/1K/築10年/徒歩5分
新豊洲駅,,,,,,,,,,,江東区,2026-07,FUDOSAN DB(国交省データ・推定/集計値) 標準条件:25㎡/1K/築10年/徒歩5分
多摩センター駅,10927.0,9288.0,11473.0,5.9,,,,,,,多摩市,2026-07,FUDOSAN DB(国交省データ・推定/集計値) 標準条件:25㎡/1K/築10年/徒歩5分
松が谷駅,10371.0,8816.0,10890.0,11.57,,,,,,,八王子市,2026-07,FUDOSAN DB(国交省データ・推定/集計値) 標準条件:25㎡/1K/築10年/徒歩5分
大塚・帝京大学駅,10371.0,8816.0,10890.0,22.59,,,,,,,八王子市,2026-07,FUDOSAN DB(国交省データ・推定/集計値) 標準条件:25㎡/1K/築10年/徒歩5分
中央大学・明星大学駅,10371.0,8816.0,10890.0,10.85,,,,,,,八王子市,2026-07,FUDOSAN DB(国交省データ・推定/集計値) 標準条件:25㎡/1K/築10年/徒歩5分
程久保駅,10787.0,9169.0,11326.0,32.97,,,,,,,日野市,2026-07,FUDOSAN DB(国交省データ・推定/集計値) 標準条件:25㎡/1K/築10年/徒歩5分
万願寺駅,10787.0,9169.0,11326.0,8.54,,,,,,,日野市,2026-07,FUDOSAN DB(国交省データ・推定/集計値) 標準条件:25㎡/1K/築10年/徒歩5分
甲州街道駅,10787.0,9169.0,11326.0,8.68,,,,,,,日野市,2026-07,FUDOSAN DB(国交省データ・推定/集計値) 標準条件:25㎡/1K/築10年/徒歩5分
柴崎体育館駅,,,,,,,,,,,立川市,2026-07,FUDOSAN DB(国交省データ・推定/集計値) 標準条件:25㎡/1K/築10年/徒歩5分
立川南駅,,,,,,,,,,,立川市,2026-07,FUDOSAN DB(国交省データ・推定/集計値) 標準条件:25㎡/1K/築10年/徒歩5分
立川北駅,,,,,,,,,,,立川市,2026-07,FUDOSAN DB(国交省データ・推定/集計値) 標準条件:25㎡/1K/築10年/徒歩5分
高松駅,,,,,,,,,,,立川市,2026-07,FUDOSAN DB(国交省データ・推定/集計値) 標準条件:25㎡/1K/築10年/徒歩5分
立飛駅,,,,,,,,,,,立川市,2026-07,FUDOSAN DB(国交省データ・推定/集計値) 標準条件:25㎡/1K/築10年/徒歩5分
泉体育館駅,,,,,,,,,,,立川市,2026-07,FUDOSAN DB(国交省データ・推定/集計値) 標準条件:25㎡/1K/築10年/徒歩5分
砂川七番駅,,,,,,,,,,,立川市,2026-07,FUDOSAN DB(国交省データ・推定/集計値) 標準条件:25㎡/1K/築10年/徒歩5分
桜街道駅,,,,,,,,,,,東大和市,2026-07,FUDOSAN DB(国交省データ・推定/集計値) 標準条件:25㎡/1K/築10年/徒歩5分
上北台駅,,,,,,,,,,,東大和市,2026-07,FUDOSAN DB(国交省データ・推定/集計値) 標準条件:25㎡/1K/築10年/徒歩5分
モノレール浜松町駅,,,,,,,,,,,港区,2026-07,FUDOSAN DB(国交省データ・推定/集計値) 標準条件:25㎡/1K/築10年/徒歩5分
天王洲アイル駅,16851.0,14323.0,17693.0,3.87,,,,,,,品川区,2026-07,FUDOSAN DB(国交省データ・推定/集計値) 標準条件:25㎡/1K/築10年/徒歩5分
大井競馬場前駅,16851.0,14323.0,17693.0,9.37,,,,,,,品川区,2026-07,FUDOSAN DB(国交省データ・推定/集計値) 標準条件:25㎡/1K/築10年/徒歩5分
流通センター駅,13476.0,11455.0,14150.0,,,,,,,,大田区,2026-07,FUDOSAN DB(国交省データ・推定/集計値) 標準条件:25㎡/1K/築10年/徒歩5分
昭和島駅,13476.0,11455.0,14150.0,7.26,,,,,,,大田区,2026-07,FUDOSAN DB(国交省データ・推定/集計値) 標準条件:25㎡/1K/築10年/徒歩5分
整備場駅,13476.0,11455.0,14150.0,,,,,,,,大田区,2026-07,FUDOSAN DB(国交省データ・推定/集計値) 標準条件:25㎡/1K/築10年/徒歩5分
新整備場駅,13476.0,11455.0,14150.0,,,,,,,,大田区,2026-07,FUDOSAN DB(国交省データ・推定/集計値) 標準条件:25㎡/1K/築10年/徒歩5分
羽田空港第1ターミナル駅,13476.0,11455.0,14150.0,,,,,,,,大田区,2026-07,FUDOSAN DB(国交省データ・推定/集計値) 標準条件:25㎡/1K/築10年/徒歩5分
羽田空港第2ターミナル駅,13476.0,11455.0,14150.0,,,,,,,,大田区,2026-07,FUDOSAN DB(国交省データ・推定/集計値) 標準条件:25㎡/1K/築10年/徒歩5分
東雲駅,,,,,,,,,,,江東区,2026-07,FUDOSAN DB(国交省データ・推定/集計値) 標準条件:25㎡/1K/築10年/徒歩5分
国際展示場駅,,,,,,,,,,,江東区,2026-07,FUDOSAN DB(国交省データ・推定/集計値) 標準条件:25㎡/1K/築10年/徒歩5分
東京テレポート駅,,,,,,,,,,,江東区,2026-07,FUDOSAN DB(国交省データ・推定/集計値) 標準条件:25㎡/1K/築10年/徒歩5分
品川シーサイド駅,16851.0,14323.0,17693.0,4.07,,,,,,,品川区,2026-07,FUDOSAN DB(国交省データ・推定/集計値) 標準条件:25㎡/1K/築10年/徒歩5分
新柴又駅,,,,,,,,,,,葛飾区,2026-07,FUDOSAN DB(国交省データ・推定/集計値) 標準条件:25㎡/1K/築10年/徒歩5分
赤土小学校前駅,,,,,,,,,,,荒川区,2026-07,FUDOSAN DB(国交省データ・推定/集計値) 標準条件:25㎡/1K/築10年/徒歩5分
足立小台駅,,,,,,,,,,,足立区,2026-07,FUDOSAN DB(国交省データ・推定/集計値) 標準条件:25㎡/1K/築10年/徒歩5分
扇大橋駅,,,,,,,,,,,足立区,2026-07,FUDOSAN DB(国交省データ・推定/集計値) 標準条件:25㎡/1K/築10年/徒歩5分
高野駅,,,,,,,,,,,足立区,2026-07,FUDOSAN DB(国交省データ・推定/集計値) 標準条件:25㎡/1K/築10年/徒歩5分
江北駅,,,,,,,,,,,足立区,2026-07,FUDOSAN DB(国交省データ・推定/集計値) 標準条件:25㎡/1K/築10年/徒歩5分
西新井大師西駅,,,,,,,,,,,足立区,2026-07,FUDOSAN DB(国交省データ・推定/集計値) 標準条件:25㎡/1K/築10年/徒歩5分
谷在家駅,,,,,,,,,,,足立区,2026-07,FUDOSAN DB(国交省データ・推定/集計値) 標準条件:25㎡/1K/築10年/徒歩5分
舎人公園駅,,,,,,,,,,,足立区,2026-07,FUDOSAN DB(国交省データ・推定/集計値) 標準条件:25㎡/1K/築10年/徒歩5分
舎人駅,,,,,,,,,,,足立区,2026-07,FUDOSAN DB(国交省データ・推定/集計値) 標準条件:25㎡/1K/築10年/徒歩5分
見沼代親水公園駅,,,,,,,,,,,足立区,2026-07,FUDOSAN DB(国交省データ・推定/集計値) 標準条件:25㎡/1K/築10年/徒歩5分
